nickname,id,text,url,date,time,search_keyword,region
만병통치약,@nayanaya7777,"ㄷㅂㅈㅅ  어떤 사람은 돈 때문에 어떤사람은 우울증 어떤사람은 사람이힘들어서.한달좀 넘는 시간을 매일 트윗글을 보고 dm 카톡 전화를 해본 결과.같이갈수 있는 사람은 없다..
재미로 사기칠려고 떠보는사람이 대부분.어떤분이 이야기 해줬다.
""진짜 죽고 싶은게 아니고 이렇게 살아가는게 싫다고""
4",https://twitter.com/nayanaya7777/status/1479391799953477635,2022-01-07,9:57:45,ㄷㅂㅈㅅ,0
Charley__Yoon,@Yoon_Charley,"ㄷㅂㅈㅅ한다고 꼬득여서 사기치는 쓰레기들 ㅈㅇ 가라.
1
3",https://twitter.com/Yoon_Charley/status/1482348610431840257,2022-01-15,13:47:04,ㄷㅂㅈㅅ,0
7H02,@pokinmise1f,"@crowleykanojo
 님에게 보내는 답글
근데 ㄷㅂㅈㅅ이라고 써방 안 하면 정지 먹음 ㅆㅂ 나 저번에 자살조장으로 정ㅣ먹엇긔ㅠ
1
1",https://twitter.com/pokinmise1f/status/1483690668359032836,2022-01-19,6:39:55,ㄷㅂㅈㅅ,0
지치고힘든..,@jichigohimdeun,"살기 너무 싫어서 그냥 ㅈㅅ하고싶은데 
혼자는 힘들거같아 ㄷㅂㅈㅅ하려해도 
재료구하기가 참..힘드네 
ㅅㅁㅈ 사기만 몇번을 당하는지 진짜 너무들하네
2
1",https://twitter.com/jichigohimdeun/status/1485863211677093888,2022-01-25,6:32:50,ㄷㅂㅈㅅ,0
ㅂㅇ,@b80155068,"ㄷㅂㅈㅅ 계획 있으신분 계실까요?
1
1",https://twitter.com/b80155068/status/1487372763119886346,2022-01-29,10:31:15,ㄷㅂㅈㅅ,0
노드랑,@lkbi7n,"@polygonwave_
 님에게 보내는 답글
아 ㄷㅂㅈㅅ??
1",https://twitter.com/lkbi7n/status/1488528888070393862,2022-02-01,15:05:17,ㄷㅂㅈㅅ,0
LEN,@_OPILLIA,"@pdbluefox
 님에게 보내는 답글
ㄷㅂㅈㅅ....?
1
1",https://twitter.com/_OPILLIA/status/1489139874816925701,2022-02-03,7:33:07,ㄷㅂㅈㅅ,0
할짜쿵,@pdbluefox,"@_OPILLIA
 님에게 보내는 답글
ㅈㅅ희망자 보단... ㄷㅂㅈㅅ희망자가 아닌지...
1
1",https://twitter.com/pdbluefox/status/1489139667937021965,2022-02-03,7:32:18,ㄷㅂㅈㅅ,0
검정,@turnoffpls,"동반자살 하자 하는 새끼도 이상한데
그래 하자!!이래놓고 맘 변해서 넌 죽어.. 난 살게.. 무서워소못하겟오... 이러는 새끼가 제일 황당하고 이상함
(내얘기아님 인생이 좃같아서 남들이 어떤 똥망생을 사나 보러 ㄷㅂㅈㅅ 서치해봄)
2",https://twitter.com/turnoffpls/status/1489865649413586944,2022-02-05,7:37:05,ㄷㅂㅈㅅ,0
7H02,@pokinmise1f,"@dangss___
 님에게 보내는 답글
시발 우리 ㄷㅂㅈㅅ팸 다시 결성된 거야??
1",https://twitter.com/pokinmise1f/status/1491768363269652484,2022-02-10,13:37:48,ㄷㅂㅈㅅ,0
군필김민서,@mdgskblblack,"ㄷㅂㅈㅅ파트너구ㅅ납니다ㅜ
1
1",https://twitter.com/mdgskblblack/status/1493239323973410821,2022-02-14,15:02:52,ㄷㅂㅈㅅ,0
메가 ㅇㄷ 링크줘,@eunheulg,"@dasomie88 ㄷㅂㅈㅅ   이분은 대체 모하시는 분이시지 
남자인지 여자인지 말해 달라기에 말했는데 갑자기 혼자 흥분하고 급발진 하시네
1",https://twitter.com/eunheulg/status/1494380557035196433,2022-02-17,18:37:43,ㄷㅂㅈㅅ,0
ㅈㄱ각,@loveevo_l,"@bansakhaeng 왜 님이 나를 희롱하고 장난치는지 모르겠지만 장난은 님이 쳤지 나 수많은 사람들과 대화하고 만나러가면서 장난친적 없고 장난질당했어 대체 니는 무슨 생각으로 나한테 모욕을주니? 여자만구한다고? 좆같아서 내 증사까지 올린다 니같은 장난치는 인간들땜에 ㄷㅂㅈㅅ#
1
1",https://twitter.com/loveevo_l/status/1495044736259747845,2022-02-19,14:36:56,ㄷㅂㅈㅅ,0
사망,@samang_5,"대전 ㄷㅂㅈㅅ 하실분
2
2
14",https://twitter.com/samang_5/status/1496153262420262913,2022-02-22,16:01:49,ㄷㅂㅈㅅ,대전
ㅈㅅ,@jeonghw01766117,"ㄷㅂㅈㅅ구한다면서 남자 여자 따지는놈들은 100퍼 사기꾼들임 조심하자
7",https://twitter.com/jeonghw01766117/status/1496775029488422915,2022-02-24,9:12:30,ㄷㅂㅈㅅ,0
전창순,@jeonchangsun,"ㄷㅂㅈㅅ 메세지주세요 서울
2
2",https://twitter.com/jeonchangsun/status/1497107486993969152,2022-02-25,7:13:34,ㄷㅂㅈㅅ,서울
ㅇ,@mnmXqLXcumheUvG,"@nmxzwqop
 님에게 보내는 답글
ㄷㅂㅈㅅ 자체가 성공확률이 낮겠죠 ㄱㅌ ㅈㅅ ㅅㅁㅈ 먹어도 뛰쳐나올걸요 더군다나 정상적인사람도 없는데
1
2",https://twitter.com/mnmXqLXcumheUvG/status/1500159959207919616,2022-03-05,17:23:00,ㄷㅂㅈㅅ,0
화소,@pixel0930,"@arctic0207
 님에게 보내는 답글
악
북극님
무슨일이에요
진짠가요
축하드려요
전에ㄷㅂㅈㅅ해준다는그친군가요
1
1",https://twitter.com/pixel0930/status/1500460541784977408,2022-03-06,13:17:25,ㄷㅂㅈㅅ,0
해보자구,@haebojagu1,"ㄷㅂㅈㅅ
3
3",https://twitter.com/haebojagu1/status/1507595042222796803,2022-03-26,5:47:22,ㄷㅂㅈㅅ,0
ㅇ,@1234543ggg,"ㄷㅂㅈㅅ 경남
3
1
3",https://twitter.com/1234543ggg/status/1508118021608419330,2022-03-27,16:25:30,ㄷㅂㅈㅅ,경남
호,@LsxD1W1TozY4rEC,"ㄷㅂㅈㅅ 저한테 퓨어.니코틴 
저한테 90장 사기치고 제아이디랑 비슷하게
만들어 사기치는 사람들이 있어요
위 제품 판다고 하시면 다 사기니까
절대 입금하지 마세요
1
1",https://twitter.com/LsxD1W1TozY4rEC/status/1508440905875095556,2022-03-28,13:48:32,ㄷㅂㅈㅅ,0
호,@LsxD1W1TozY4rEC,"ㄷㅂㅈㅅ같이 하자고 퓨어. 니코틴 갈거라고
ㅈㄴ<<연락옴 자기는 여자고 벌써 구매했다고 자기가 아는 텔레그램 
@pp1192
알려주면서 여기로 구매하면 된다고해서 구매함 사기인거 같으면서 가는마당에 조금편하게 갈려고 90만원입금
아.ㅈㅅ할려는 사람한테 사기치는 인간같지도 않은 쓰레기들입니다
3
1",https://twitter.com/LsxD1W1TozY4rEC/status/1508302658851205121,2022-03-28,4:39:11,ㄷㅂㅈㅅ,0
죽고싶다,@YzFeca8,"ㄷㅂㅈㅅ 안구해요 소소한 얘기나

하실분 찾아요~~!!
1",https://twitter.com/YzFeca8/status/1508384045121798144,2022-03-28,10:02:35,ㄷㅂㅈㅅ,0
죽고싶다,@YzFeca8,"ㄷㅂㅈㅅ소소한 얘기나 나눌실분?

남자구 삼십대 후반입니다
1",https://twitter.com/YzFeca8/status/1509156522823421954,2022-03-30,13:12:08,ㄷㅂㅈㅅ,0
멘트 (메인트라는뜻),@heum_nyaring_,"찌발련아 # ㄷㅂㅈㅅ 좀 올렷다고
다음 미디어는 민감한 콘텐츠를 포함할 수 있습니다. 설정 변경
보기
2",https://twitter.com/heum_nyaring_/status/1509532776739278856,2022-03-31,14:07:14,ㄷㅂㅈㅅ,0
노예,@reallllgongju,"ㄷㅂㅈㅅ 올림 ㅅㅂㅋㅋ
1",https://twitter.com/reallllgongju/status/1510621586373898246,2022-04-03,14:13:46,ㄷㅂㅈㅅ,0
노예,@reallllgongju,"@diet___go
 님에게 보내는 답글
ㄷㅂㅈㅅ 올렸는데 신고당햇납ㅎㅁ
1",https://twitter.com/reallllgongju/status/1510615051644059656,2022-04-03,13:47:48,ㄷㅂㅈㅅ,0
노예,@reallllgongju,"일본에도 하는사람이있나 가부키쵸ㄷㅂㅈㅅ 올렸는데 누가 신고함
2",https://twitter.com/reallllgongju/status/1510622215586615296,2022-04-03,14:16:16,ㄷㅂㅈㅅ,0
빅터유린기슈타인즈게이트,@bibibis10,"케찹고백
나 자살방지 리서치제보한적잇는데
트위터에 ㄷㅂㅈㅅ글 ㅈㄴ마늠
1
2",https://twitter.com/bibibis10/status/1510833004914307074,2022-04-04,4:13:52,ㄷㅂㅈㅅ,0
간디!!,@_GandiBaby,"@chobin_sibal
 님과 
@mom__fire
 님에게 보내는 답글
ㄷㅂㅈㅅ합쉬다
1",https://twitter.com/_GandiBaby/status/1511311900612587521,2022-04-05,11:56:50,ㄷㅂㅈㅅ,0
간디!!,@_GandiBaby,"@chobin_sibal
 님과 
@mom__fire
 님에게 보내는 답글
헠ㅋㅋㅋ
구냥ㄷㅂㅈㅅ집착녀됨
1",https://twitter.com/_GandiBaby/status/1511315311466672129,2022-04-05,12:10:23,ㄷㅂㅈㅅ,0
ㅊㅇ,@chi7656,"얘들아 ㄷㅂㅈㅅ 글 잘못 쓰면 집에 경찰 와... 
미자들 조심해서 써ㅜㅜ
2
3
3",https://twitter.com/chi7656/status/1513652671475253250,2022-04-11,22:58:13,ㄷㅂㅈㅅ,0
biwarra,@JN9lznhwpHuIOlV,"ㄷㅂㅈㅅ
잠드는약보유중
근데 실행할 자신이 없음...
2
2",https://twitter.com/JN9lznhwpHuIOlV/status/1513445637714456576,2022-04-11,9:15:33,ㄷㅂㅈㅅ,0
2_2,@WhySola,"트위터 너무 다른의미로 딥웹 같은 게 실트에 성적인 단어가 버젓이 올라오지 않나 심지어 성매매,ㄷㅂㅈㅅ,마약,장기매매 같은 거 유도하는 글이 많더라...아무래도  트위터가 유독 익명과 표현의 자유를 중시하는 해외쪽 sns라 자극적인 글들이 많을 수 밖에 없고
1
5",https://twitter.com/WhySola/status/1515220978808221696,2022-04-16,6:50:07,ㄷㅂㅈㅅ,0
ㄷㅂㅈㅅ,@4qNiZIolXnDoYNS,"신용회복 전문대출 
#신용회복 #개인워크아웃 #신용회복대출 #ㄷㅂㅈㅅ #급전 #월변 
#개인돈
2
1",https://twitter.com/4qNiZIolXnDoYNS/status/1516325711409467394,2022-04-19,7:59:56,ㄷㅂㅈㅅ,0
ㄷㅂㅈㅅ,@dbjs68376814,"ㄷㅂㅈㅅ 아직 확고하진않아요
1
1",https://twitter.com/dbjs68376814/status/1517025864373858304,2022-04-21,6:22:05,ㄷㅂㅈㅅ,0
Akira007,@Akira0069746639,"ㄷㅂㅈㅅ굴욕, 비난,절망, 후회, 근심, 갈망, 미움, 경멸, 긍정, 신뢰, 낙관, 용서, 이해, 존경, 고요함, 축복
1",https://twitter.com/Akira0069746639/status/1517403592990216192,2022-04-22,7:23:03,ㄷㅂㅈㅅ,0
그러해서..,@rmdjfjdk,"ㄷㅂㅈㅅ 부산 ㅌㅅ
1
1",https://twitter.com/rmdjfjdk/status/1518694466563244032,2022-04-25,20:52:31,ㄷㅂㅈㅅ,부산
ㅎ,@chapbsal,"마음 다 잡기는 개뿔 ㄷㅂㅈㅅ 하고싶은 마음 사라졌다가 다시 생기고 계정 들어왔다
좆같다
학교 애들이 다 좆같다
나는 아무것도 한 게 없는데 왜 나한테 그러는지 모르겠다
친구 없어서 조용히 다니는데 해도 안 끼치는데
내가 못생기고 성격이 찐따라서 그런건가?
초등학생때부터 쭉 찐따였다
1
1",https://twitter.com/chapbsal/status/1519354558744432641,2022-04-27,16:35:29,ㄷㅂㅈㅅ,0
ㅎ,@chapbsal,"그리고 누가 ㄷㅂㅈㅅ 쓴다고 경찰이 옴?
경찰은 공무원이다
이딴 ㄷㅂㅈㅅ 트윗에 달려올 경찰은 아무도 없다
IP추적은 영장이 청구 되어야만 할 수 있다고 했다
사이버 학교폭력도 안 잡는 경찰이 이딴 트윗을 잡으러 오나?
그럴리 절대 없다
2",https://twitter.com/chapbsal/status/1519355666552397826,2022-04-27,16:39:53,ㄷㅂㅈㅅ,0
용석,@dragon_stone__,"여기에 ㄷㅂㅈㅅ 하시려는 분들 많이 보여서 주의사항 몇가지만 알려드릴게요  
1.텔레로 연락하자는 사람은 무조건 걸러라.
2.미자와는 절대 성공할수가 없다.
3.여성이면 좋겠다 라는 글은 피하자.
4.예정일을 빠르게만 하려는 사람은 기복이심하다 적어도2주이상의 준비기간을 가지고하자.
6
6
10",https://twitter.com/dragon_stone__/status/1519482043544920064,2022-04-28,1:02:04,ㄷㅂㅈㅅ,0
햄,@hamzer_talk,"로워에 ㄷㅂㅈㅅ 나와요??
1",https://twitter.com/hamzer_talk/status/1519697321239654405,2022-04-28,15:17:30,ㄷㅂㅈㅅ,0
주현,@dcIs7lGPIxcLbjB,"ㄷㅂㅈㅅ?
1",https://twitter.com/dcIs7lGPIxcLbjB/status/1520017977499734018,2022-04-29,12:31:41,ㄷㅂㅈㅅ,0
야옹,@yaong69430526,"ㄷㅂㅈㅅ
2",https://twitter.com/yaong69430526/status/1521146771078258689,2022-05-02,15:17:06,ㄷㅂㅈㅅ,0
1등병신정자,@que628,"@GoenGGyu
 님에게 보내는 답글
ㄷㅂㅈㅅ 태그붙이고구해보세요
1
1",https://twitter.com/que628/status/1522147647183745035,2022-05-05,9:34:13,ㄷㅂㅈㅅ,0
힘들다,@himdeulda12,"진짜 죽을 사람들이 트윗에 ㄷㅂㅈㅅ 글이나 올리고 있을까?
1",https://twitter.com/himdeulda12/status/1522670422378295296,2022-05-06,20:11:33,ㄷㅂㅈㅅ,0
?? 논문국곰논문국곰 ?? 화관 ??,@ws_hana1210,"햄광님네 천악 기독교 아님?
근데 기독교에서 ㄷㅂㅈㅅ 권유하듯한 그 발언 하면
나랑 죄인이 되어줘. 지옥까지 가자 아님?
이열 저 사람 완전 짱이네
2",https://twitter.com/ws_hana1210/status/1523333206883274757,2022-05-08,16:05:13,ㄷㅂㅈㅅ,0
7H02,@pokinmise1f,"@kittyhaeyoung
 님에게 보내는 답글
나도 맨날 ㄷㅂㅈㅅ팸 얘기하다 정지 먹음 ㅅㅂㅅㅂㅋㅋㅋㅋ
1
1",https://twitter.com/pokinmise1f/status/1523580148112855042,2022-05-09,8:26:28,ㄷㅂㅈㅅ,0
야옹,@yaong69430526,"ㄷㅂㅈㅅ
섹트
1",https://twitter.com/yaong69430526/status/1525366910606446592,2022-05-14,6:46:26,ㄷㅂㅈㅅ,0
?,@emptyroomstat,"ㄷㅂㅈㅅ한다는사람들이 투신하자고하면
다 안한다 그래
제일 확실한데
1
1
2",https://twitter.com/emptyroomstat/status/1526148263912820736,2022-05-16,10:31:15,ㄷㅂㅈㅅ,0
zero,@zero39861737,"ㄷㅂㅈㅅ
ㅁㅁ으로 가시려는분 계신가요 궁금하네요
4
1",https://twitter.com/zero39861737/status/1528276402919084033,2022-05-22,7:27:43,ㄷㅂㅈㅅ,0
sssun17@hanmail.net,sssun17@hanmail.net,"정말 ㄷㅂㅈㅅ 생가만 말고 다저버리고 가능한분
2
1",https://twitter.com/sssun17hanmail1/status/1528720708075139072,2022-05-23,12:53:13,ㄷㅂㅈㅅ,0
ㄷㅂㅈㅅ,@eoeo0202,"ㄷㅂㅈㅅ 경기 여자에요
성인분들만 연락주시고 방법은 아직 생각 안했어요
다음주 월요일 생각중입니다",https://twitter.com/eoeo0202/status/1529465749026185218,2022-05-25,14:13:45,ㄷㅂㅈㅅ,경기도
병신호로잽이컴퍼니ceo,@au07004953,"ㄷㅂㅈㅅ은 알겠는데 ㅅㅁㅈ는뭐야
1",https://twitter.com/au07004953/status/1529442470266028032,2022-05-25,12:41:15,ㄷㅂㅈㅅ,0
곽김김,@gwaggimgim,"부산 ㄷㅂㅈㅅ  20대입니다  질ㅅ  생갇중   쪽주세요
4
1",https://twitter.com/gwaggimgim/status/1529855603354775553,2022-05-26,16:02:53,ㄷㅂㅈㅅ,부산
,@8xaKkGZmHZcoWrb,"ㄷㅂㅈㅅ 구해요 울산 04 여자에요
7
3",https://twitter.com/8xaKkGZmHZcoWrb/status/1529761732834406400,2022-05-26,9:49:53,ㄷㅂㅈㅅ,울산
곽김김,@gwaggimgim,"ㄷㅂㅈㅅ 확실한분만  저는 부산이고 질 ㅅ  헬  ㄹ  생각중입니다 20대입니다
전  확실해요
7
1",https://twitter.com/gwaggimgim/status/1530167647966724097,2022-05-27,12:42:51,ㄷㅂㅈㅅ,부산
ㄷㅈㅂㅅ,@ijinyeo92802770,"ㄷㅂㅈㅅ 경기도
1
2",https://twitter.com/ijinyeo92802770/status/1530892715109494784,2022-05-29,12:44:00,ㄷㅂㅈㅅ,경기도
ㅋ,@GimanEom,ㄷㅂㅈㅅ 원주 Dm,https://twitter.com/GimanEom/status/1531264941591646208,2022-05-30,13:23:06,ㄷㅂㅈㅅ,원주
고통스럽다,@ewgwegwegwegweg,"ㄷㅂㅈㅅ 구합니다 준비물이어쩌구저쩌구하면 차단합니다
2
1",https://twitter.com/ewgwegwegwegweg/status/1531565625599881216,2022-05-31,9:17:54,ㄷㅂㅈㅅ,0
동반,@jeoseungsaja17,"ㄷㅂㅈㅅ
이새끼는 무조건 거르세요
아이디 총 3개인데
ㄷㅂㅈㅅ하는사람 등쳐먹는 사기꾼입니다
다음 미디어는 민감한 콘텐츠를 포함할 수 있습니다. 설정 변경
보기
1
3",https://twitter.com/jeoseungsaja17/status/1532068372992901120,2022-06-01,18:35:39,ㄷㅂㅈㅅ,0
은주,@CD73084941,"ㄷㅂㅈㅅ 하실분 서울
7
1
2",https://twitter.com/CD73084941/status/1532764547966472192,2022-06-03,16:42:00,ㄷㅂㅈㅅ,서울
ㄷ.ㅂㅈ1ㅅ,@ivMc7fZhlBO71HP,"크리스마스 ㄷㅂㅈㅅ
이번년도까지만 살고 가실분
3
7",https://twitter.com/ivMc7fZhlBO71HP/status/1533097223017222144,2022-06-04,14:43:56,ㄷㅂㅈㅅ,0
거지같은 세상,@GeojigatS,"오늘 ㄷㅂㅈㅅ 가능한분 DM주세요
4
1",https://twitter.com/GeojigatS/status/1533716510346055680,2022-06-06,7:44:45,ㄷㅂㅈㅅ,0
청주,@cheongj18415452,"청주 ㄷㅂㅈㅅ 내일까지 방법없어요 같이 ㅌㅅ하실분
1
1",https://twitter.com/cheongj18415452/status/1533753931335364608,2022-06-06,10:13:27,ㄷㅂㅈㅅ,청주
꾸꼬뽀꼬,@kkukkoppokko,"@junwuu77
 님에게 보내는 답글
울산 ㄷㅂㅈㅅ 구하셨나요?
1
2",https://twitter.com/kkukkoppokko/status/1534126288495325184,2022-06-07,10:53:04,ㄷㅂㅈㅅ,울산
..,@j6rWzxE095arPH3,"ㄷㅂㅈㅅ
소주한병원샷하고 ㅌㅅ할려고했는데 실패 차에서 ㅂㄱㅌ했는데 못버텨서실패
ㅅㅁㅈ있으신분 자차있습니다. 
차에서 ㅅㅁㅈ먹고 ㅂㄱㅌ으로 확실하게가실분 세상빨리뜨고싶습니다.
33살남자입니다 ㅅㅇㅈ
4
2",https://twitter.com/j6rWzxE095arPH3/status/1534552199606415360,2022-06-08,15:05:29,ㄷㅂㅈㅅ,0
..,@j6rWzxE095arPH3,"ㄷㅂㅈㅅ 구함
준비물 완벽.. ㅈㅅ 40kg 2개, ㅅㅁㅈ,ㅅㄱㅇㅈㅈ,렌트카까지
DM
1",https://twitter.com/j6rWzxE095arPH3/status/1534551695056719872,2022-06-08,15:03:29,ㄷㅂㅈㅅ,0
여긴지옥인가,@Dignitas_go,"ㄷㅂㅈㅅ 하실분...
진심인 분만 오세요.
부산 남구 입니다.
장난, 미성년자 사절.
9
3",https://twitter.com/Dignitas_go/status/1534558991665139713,2022-06-08,15:32:28,ㄷㅂㅈㅅ,부산
,@end_sssyyy_end,"ㄷㅂㅈㅅ.. 이나 ㅈㅅ 방법 어떤게 확실해요 ?
1",https://twitter.com/end_sssyyy_end/status/1535632421646848001,2022-06-11,14:37:54,ㄷㅂㅈㅅ,0
-_-,@EyUJIoPh7GCytjX,"ㄷㅂㅈㅅ

있나요..? 자세한 이야기는 디엠으로해요
1
1",https://twitter.com/EyUJIoPh7GCytjX/status/1535435160178393088,2022-06-11,1:34:03,ㄷㅂㅈㅅ,0
개미,@gaemi86102518,"ㄷㅂㅈㅅ

다시 태어난다면 행복할 수 잇을까?
2",https://twitter.com/gaemi86102518/status/1535854254053027842,2022-06-12,5:19:23,ㄷㅂㅈㅅ,0
.,@zzz06961318,"안녕하세요
서울에서 ㄷㅂㅈㅅ 구해요
그만 살고는 싶지만 아픈 건 무서워서 투신은 말구요 연락 주세요
6
2",https://twitter.com/zzz06961318/status/1535945416298340353,2022-06-12,11:21:38,ㄷㅂㅈㅅ,서울
개미,@gaemi86102518,"펜션 텐트 실패하는 이유 (경험담)
펜션 - 아무리 다 쓰러져가는
펜션이여도 화재경보 필수로 달아야되서
절대 안댐 (연령층 다양하면 입주안댐)
텐트 - 암만 ㅅㅁㅈ 먹고 한다해도
무의식에 움직이고 화로 쳐버려서
몸에 화상 입을 수 잇는 피해발생
ㄷㅂㅈㅅ 쉬운줄 아는데 힘듬
1
4",https://twitter.com/gaemi86102518/status/1536542563338924033,2022-06-14,2:54:29,ㄷㅂㅈㅅ,0
좋군좋아,@KkggllP,"@yong_gimgeum
 님에게 보내는 답글
ㄷㅂㅈㅅ  하실래여?
1",https://twitter.com/KkggllP/status/1536522251519938561,2022-06-14,1:33:46,ㄷㅂㅈㅅ,0
좋군좋아,@KkggllP,"@V6cFVUTdOHZQ6HY
 히실래요 ㄷㅂㅈㅅ",https://twitter.com/KkggllP/status/1536555097903140864,2022-06-14,3:44:17,ㄷㅂㅈㅅ,0
이요섭,@iyoseob4,"ㄷㅂㅈㅅ ㅅㅁㅈ 탈거임 장소는 구해야함
화성 DM요
1
1",https://twitter.com/iyoseob4/status/1537047867881164802,2022-06-15,12:22:23,ㄷㅂㅈㅅ,화성
하하호호 뉴스,@2TV90407215,"@killmyself1215
 님에게 보내는 답글
ㄷㅂㅈㅅ
1",https://twitter.com/2TV90407215/status/1537041679760642048,2022-06-15,11:57:47,ㄷㅂㅈㅅ,0
마지막,@majimag30554800,"ㄷㅂㅈㅅ
ㅅㅁㅈ,ㅈㅅ,ㅂㄱㅌ있음
차있음 근처만 학생 ㄴㄴ
11
3",https://twitter.com/majimag30554800/status/1537971814701207556,2022-06-18,1:33:49,ㄷㅂㅈㅅ,0
그냥다죽었으면좋겠어,@diesukideathyo,"내가 님들 디엠 다 읽을 의무도 없고 많이와서 다 답하지도 못해요 제발 강요하지 마세요 아직 ㄷㅂㅈㅅ할지 혼자할지도 못정했는데
2
1",https://twitter.com/diesukideathyo/status/1538540681035390977,2022-06-19,15:14:17,ㄷㅂㅈㅅ,0
Kkkkmm,@Kkkkmm07272589,"경기도 ㄷㅂㅈㅅ 말은 쉬운데 두렵네요
하루에 수십번 생각을 하네요
정말 같이 가실분 쪽지 주세요
이동할 경비는 있네요
1
1",https://twitter.com/Kkkkmm07272589/status/1538568256126353408,2022-06-19,17:03:52,ㄷㅂㅈㅅ,경기도
그냥다죽었으면좋겠어,@diesukideathyo,"ㄷㅂㅈㅅ 구하고싶은데 누군갈 믿지를 못하겠어...
1
3",https://twitter.com/diesukideathyo/status/1538514194727071745,2022-06-19,13:29:02,ㄷㅂㅈㅅ,0
.,@GojangGwan,"제주 ㄷㅂㅈㅅ 있으신가요..
1
1",https://twitter.com/GojangGwan/status/1538485324027817984,2022-06-19,11:34:19,ㄷㅂㅈㅅ,제주
묘묘뮤,@myomyomyu,"ㄷㅂㅈㅅ 부산 20대입니다.
1",https://twitter.com/myomyomyu/status/1539004661390200832,2022-06-20,21:57:59,ㄷㅂㅈㅅ,부산
이영,@iyeong30012516,"같이 ㄷㅂㅈㅅ 하실분 한분이 마지막에 용돈 탓다고 마음 바뀌셯습니다 디엠 받아요
1
1",https://twitter.com/iyeong30012516/status/1539260754943021057,2022-06-21,14:55:36,ㄷㅂㅈㅅ,0
7H02,@pokinmise1f,"@dangss___
 님에게 보내는 답글
ㄷㅂㅈㅅ팸
1",https://twitter.com/pokinmise1f/status/1539071882393096192,2022-06-21,2:25:05,ㄷㅂㅈㅅ,0
이여엉,@iyeoeong,"ㄷㅂㅈㅅ 이천쪽 이동 불가합니다. 디엠주세요.
1",https://twitter.com/iyeoeong/status/1539637449692917760,2022-06-22,15:52:27,ㄷㅂㅈㅅ,이천
같이해요,@jjjjkill4444,"ㄷㅂㅈㅅ 같이 하실분
1
1",https://twitter.com/jjjjkill4444/status/1540197196959608833,2022-06-24,4:56:41,ㄷㅂㅈㅅ,0
묘묘뮤,@myomyomyu,"ㄷㅂㅈㅅ 부산 20대입니다 확고합니다 제발 데려가주세요
1
1",https://twitter.com/myomyomyu/status/1540445489409032193,2022-06-24,21:23:19,ㄷㅂㅈㅅ,부산
이준,@ijun53153552,"서울 ㄷㅂㅈㅅ 지금 바로할겁니다.
디엠 ㅅㅁㅈ ㅂㄱㅌㄱㄱ
1
1",https://twitter.com/ijun53153552/status/1540298537522831360,2022-06-24,11:39:23,ㄷㅂㅈㅅ,서울
ㄷㅂㅈㅅ,@mylittlebam_,"ㄷㅂㅈㅅ
목매려다 실패해서 같이 가실분 구합니다..이번달 안으로 끝내고 싶어요 의지 확고하신 분만 연락주세요

제가 여자라 여자만 받아요 섹트 꺼져주세요ㅜㅠ
2
2",https://twitter.com/mylittlebam_/status/1540205274169868288,2022-06-24,5:28:47,ㄷㅂㅈㅅ,0
이준,@ijun53153552,"오늘 ㄷㅂㅈㅅ 하실분 구합니다 오늘이어야합니다
2
1",https://twitter.com/ijun53153552/status/1540304977004208128,2022-06-24,12:04:58,ㄷㅂㅈㅅ,0
이준,@ijun53153552,"오늘 울산 ㄷㅂㅈㅅ 하실분 오늘 오늘 다 되신분 디엠요
1",https://twitter.com/ijun53153552/status/1540304560077819904,2022-06-24,12:03:19,ㄷㅂㅈㅅ,울산
묘묘뮤,@myomyomyu,"ㄷㅂㅈㅅ 부산 디엠주세요
1
1",https://twitter.com/myomyomyu/status/1540424851571167232,2022-06-24,20:01:18,ㄷㅂㅈㅅ,부산
ㅁㅈㅁ,@majimack,"전북 ㄷㅂㅈㅅ
ㅁㅈㅁ
@majimack
·
6월 25일
ㅅㅁㅈ없어요 나눠주시면 더 좋구요 ㅠ twitter.com/majimack/statu…
1
1",https://twitter.com/majimack/status/1540727664025440257,2022-06-25,16:04:35,ㄷㅂㅈㅅ,전북
개미,@gaemi86102518,"저도 가진거 없고 무서워서
혼자 못뒤지는 사람 중 한명이긴한대
섹무새든 아니든 본인들이 감당하고
만나로 가야대는 부분 입니다
암만 대화,전화 해봣자
실제로 만나보지 않는 이상 몰라
만낫다해도 본인 몸은 본인이 지켜
그게 트윗이고 그게 현실
대화로 착한사람?ㅋ 과연ㅋ
ㄷㅂㅈㅅ
3
1
1",https://twitter.com/gaemi86102518/status/1541144332635611137,2022-06-26,19:40:16,ㄷㅂㅈㅅ,0
김모래,@gkscjs33012,"CCTV 보니까 ㄷㅂㅈㅅ이 맞는 것 같기도 한데....
애는 무슨 죄야....?
그냥 해프닝으로 끝났으면 좋겠다...
JTBC 뉴스
@JTBC_news
·
6월 25일
농촌으로 '한 달 살기' 떠났다가…초등생 일가족 실종 https://news.jtbc.joins.com/html/852/NB12063852.html…
5",https://twitter.com/gkscjs33012/status/1541002393407541248,2022-06-26,10:16:15,ㄷㅂㅈㅅ,0
me999,@ilhg456,"ㄷㅂㅈㅅ 확고해서 여지껏 찾고있는지
궁금하네 여자만 찾다보니 그런거야
ㅂㅅ아 준비 열심히 하고 사전답사도 열심히 해서 ㄷㅂㅈㅅ 해라",https://twitter.com/ilhg456/status/1541417841076731905,2022-06-27,13:47:06,ㄷㅂㅈㅅ,0
박효근,@baghyogeun18,ㄷㅂㅈㅅ구함,https://twitter.com/baghyogeun18/status/1541360309872783360,2022-06-27,9:58:29,ㄷㅂㅈㅅ,0
ㄷㅂㅈㅅ,@dbjs5543,"대전 ㄷㅂㅈㅅ디엠주세요
1
1",https://twitter.com/dbjs5543/status/1541233077531582464,2022-06-27,1:32:55,ㄷㅂㅈㅅ,대전
박효근,@baghyogeun18,경기도 ㄷㅂㅈㅅ구함 7월1일~2일쯤 같이가실분,https://twitter.com/baghyogeun18/status/1541374740589613057,2022-06-27,10:55:50,ㄷㅂㅈㅅ,경기도
킴진,@4CPKKopK1VWSYnw,구미 ㄷㅂㅈㅅ이요..계획 있으신 분만요..,https://twitter.com/4CPKKopK1VWSYnw/status/1541558961006030848,2022-06-27,23:07:51,ㄷㅂㅈㅅ,0
개오리,@GeOLi_3283,진짜 이래서 ㄷㅂㅈㅅ이란 말만큼 기도 안찬게 없어 왜 어린이까지 자기 행동의 결과를 지게해?,https://twitter.com/GeOLi_3283/status/1541817786732687361,2022-06-28,16:16:20,ㄷㅂㅈㅅ,0
function,@sul_lyung,뭐인지는 아직 모르지만 난 ㄷㅂㅈㅅ이라고 보는데 아이에게 무슨 죄가 있나 싶고 코인 망했으면 싶다,https://twitter.com/sul_lyung/status/1541789943567360000,2022-06-28,14:25:42,ㄷㅂㅈㅅ,0
ㄹlㅈl,@Lizzy_Malec,"혹시 이번 완도 일가족 실종사건 관련해서 ㄷㅂㅈㅅ이라는 워딩 쓰는 사람있는지 검색해보니까 팝업으로 이거뜬다...
1",https://twitter.com/Lizzy_Malec/status/1541977970138415104,2022-06-29,2:52:51,ㄷㅂㅈㅅ,완도
난애기하고..!,@AsawaJo,"ㄷㅂㅈㅅ 
사는는게 힘드네.
이제 마감하는게  편할거같다.
같이갈분  장난치지말고 진심인분.
서울인데 같은 마음인분만
3",https://twitter.com/AsawaJo/status/1542373814729732097,2022-06-30,5:05:48,ㄷㅂㅈㅅ,0
묘묘뮤,@myomyomyu,"ㄷㅂㅈㅅ    부산  ㅈㅅ 생각중이에요  연락주세요 자취방 잇습니다
1
1",https://twitter.com/myomyomyu/status/1542473325816840192,2022-06-30,11:41:13,ㄷㅂㅈㅅ,부산
형만,@sinhyeongman11,"@gimjun68147506
 님에게 보내는 답글
진지하게 ㄷㅂㅈㅅ 하고 싶은데 그 확실한 방법이라는게 뭔가요?
1",https://twitter.com/sinhyeongman11/status/1542334701305663488,2022-06-30,2:30:22,ㄷㅂㅈㅅ,0
ㄷㅂㅈㅅ,@10004uni,"ㄷㅂㅈㅅ경주 30대남 입니다 디엠주세요
3
1",https://twitter.com/10004uni/status/1542782091279994880,2022-07-01,8:08:08,ㄷㅂㅈㅅ,경주
djwldifh,@djwldifh,"ㄷㅂㅈㅅ
ㅅㅌㄴㅅ(ㅅㅁㅈ) ㅍㄴㄷ",https://twitter.com/djwldifh/status/1542745016606437381,2022-07-01,5:40:49,ㄷㅂㅈㅅ,0
도깨비인연,@qpwoeiruty2121,"@salrangrang
 님에게 보내는 답글
ㅠㅠ ㄷㅂㅈㅅ이란 표현은 쓰면 안될것 같아요 진짜ㅠㅠ
1
1",https://twitter.com/qpwoeiruty2121/status/1542682054583668736,2022-07-01,1:30:38,ㄷㅂㅈㅅ,0
잼잼,@e2jamjam,"잔인한 인간들 ㄷㅂㅈㅅ이라는 단어 파버려야해
1",https://twitter.com/e2jamjam/status/1542678714932011008,2022-07-01,1:17:21,ㄷㅂㅈㅅ,0
남의나라546,@leO6WKnfT89TVCT,"ㄷㅂㅈㅅ
여자 멤버 있다고 안심시키며 여자구하는 것들 백퍼 이상한짓거리할 놈들임. 상식적으로 마지막가는데 짝마추는게 말이됨? 게다긴 뭔술? ㅋ왕게임하게? 미친놈ㅉㅉ
2",https://twitter.com/leO6WKnfT89TVCT/status/1543222024281083904,2022-07-02,13:16:16,ㄷㅂㅈㅅ,0
로라,@starlisky1234,"광주 ㄷㅂㅈㅅ 확고하고 준비되신분만     ㄷㅇ주세요
2
1",https://twitter.com/starlisky1234/status/1543110484014288896,2022-07-02,5:53:03,ㄷㅂㅈㅅ,광주
우울디죠,@tmddus725,"우울해... 그냥다 싫다...
요즘들어 안좋은생각만든다
그냥답이없다 인생이... 다관두고싶다 진짜..나는왜살지...

#우울 #히키 #아싸 #ㅈㅅ #ㄷㅂㅈㅅ
#노답인생 #우울증 #아무나 #외로움
1",https://twitter.com/tmddus725/status/1543596238888927235,2022-07-03,14:03:16,ㄷㅂㅈㅅ,0
ㅁㅈㅁ,@majimack,"전주 ㄷㅂㅈㅅ
ㅁㅈㅁ
@majimack
·
6월 26일
ㄷㅂㅈㅅ twitter.com/majimack/statu…
1",https://twitter.com/majimack/status/1544349725536976896,2022-07-05,15:57:21,ㄷㅂㅈㅅ,전주
쵸님,@Chyo_FF,"어카지 오늘 소재 자꾸 ㄷㅂㅈㅅ가튼거만 생각이 나는데.....어케 이걸 달달한걸로 바꿀까////?
1",https://twitter.com/Chyo_FF/status/1544346805692801025,2022-07-05,15:45:45,ㄷㅂㅈㅅ,0
ㅁㅈㅁ,@majimack,"전주 ㄷㅂㅈㅅ
1
1",https://twitter.com/majimack/status/1544751375430533121,2022-07-06,18:33:22,ㄷㅂㅈㅅ,전주
이경희,@lvWfUH7ay5Ktk8h,"ㄷㅂㅈㅅ  쉬운  방법 공유받고 싶어요.
5",https://twitter.com/lvWfUH7ay5Ktk8h/status/1545541189704634368,2022-07-08,22:51:49,ㄷㅂㅈㅅ,0
나,@seojinhyeon8,"ㄷㅂㅈㅅ
1
1",https://twitter.com/seojinhyeon8/status/1545811047285948417,2022-07-09,16:44:08,ㄷㅂㅈㅅ,0
dm,@zzhjidui1111,"ㄷㅂㅈㅅ
마지막으로 글남깁니다
경기 이동가능합니다 자취방 차 다 있습니다
일행이 잠수타서 약적습니다
진짜 확고하신분아니면 연락하지마세요 간보기 절대사절입니다 진짜절실하고 확고하신분 디엠부탁드립니다 어디세요 몇살이세요 이런거묻지말고 잠수안타고만나실분 디엠주세요
8",https://twitter.com/zzhjidui1111/status/1545748441715785728,2022-07-09,12:35:21,ㄷㅂㅈㅅ,0
Gasei,@Gasei17,"ㄷㅂㅈㅅ 구해요 저는 그닥 불행하지않은 환경에서 컸어요 사실 글케 힘들지 않은데 그냥 사회에 맞추기 싫고 노력하는게 싫어서 그냥 죽으려고 해요. 살아있는게 수치라고 느껴져요. 그래서 죽고싶어요. 죽어서 환경에 보탬이라도 되고싶네요... 비용은 댈수있어요 근데 준비가 안되어있어요
11
1",https://twitter.com/Gasei17/status/1546168793579155457,2022-07-10,16:25:41,ㄷㅂㅈㅅ,0
퓨홉,@mfuhope,"진짜.... 이건 너무 새드엔딩인데
호수에서 ㄷㅂㅈㅅ할 가능성은..?
1
1",https://twitter.com/mfuhope/status/1547052949708636161,2022-07-13,2:59:00,ㄷㅂㅈㅅ,0
파란 아오,@Ah__0h,"뛰어내렸는데도 살아서 이동은 불가능합니다 그래도 ㄷㅂㅈㅅ 방법이나 이동 가능하신분 연락주세요
3",https://twitter.com/Ah__0h/status/1547831416079036428,2022-07-15,6:32:21,ㄷㅂㅈㅅ,0
지금,@jigeum88695490,"ㄷㅂㅈㅅ
광주
확고하신분만
2
1",https://twitter.com/jigeum88695490/status/1547858343238455296,2022-07-15,8:19:21,ㄷㅂㅈㅅ,광주
주호송,@msd89691204,ㄷㅂㅈㅅ 같이 없어요?,https://twitter.com/msd89691204/status/1547897594222764034,2022-07-15,10:55:19,ㄷㅂㅈㅅ,0
주호송,@msd89691204,"ㄷㅂㅈㅅ같이 ㅈㅅ이신분만 저녁9시부터12까지 접속해있어요
정리기간끝나면 같이 시간 맞쳐서 같이 아무기억없는곳으로가요
2
2",https://twitter.com/msd89691204/status/1547942494834348032,2022-07-15,13:53:44,ㄷㅂㅈㅅ,0
현아,@hyeona94402778,"ㄷㅂㅈㅅ 방법아시는분
1",https://twitter.com/hyeona94402778/status/1548377637969887232,2022-07-16,18:42:51,ㄷㅂㅈㅅ,0
전남 ㄷㅂㅈㅅ,@romantic8744,"30대 남자이고 전남인데 ㄷㅂㅈㅅ 있나요 이동가능합니다 비용도 제가 전부 다 댑니다
억대 투자실패로 너무나 힘듭니다 
저세상 혼자가긴 싫고 같이가실분 찾습니다
장난사절합니다
9
3",https://twitter.com/romantic8744/status/1548146062514618368,2022-07-16,3:22:39,ㄷㅂㅈㅅ,전남
.,@zzz06961318,"ㄷㅂㅈㅅ 방법 아시는 분 계신가요?
꼭 ㄷㅂ이 아니더라도 방법 아시면 연락주세요 최대한 안아픈 방법으로요
5",https://twitter.com/zzz06961318/status/1548665241311285248,2022-07-17,13:45:40,ㄷㅂㅈㅅ,0
황효종,@hwanghyojong,"ㄷㅂㅈㅅ 같이 해주실분있으신가요?부탁드리겠습니다~너무 힘드네요
4",https://twitter.com/hwanghyojong/status/1548982517033668608,2022-07-18,10:46:25,ㄷㅂㅈㅅ,0
정재욱,@jeongja53372807,"ㄷㅂㅈㅅ 메시지 주세요 포항입니다.
정해지면 갈 수 있어요..
1",https://twitter.com/jeongja53372807/status/1549110964523372547,2022-07-18,19:16:49,ㄷㅂㅈㅅ,포항
미렁,@mileong1,"ㄷㅂㅈㅅ 하남 전에만났던 동생 찾아요~
1",https://twitter.com/mileong1/status/1549442524041068544,2022-07-19,17:14:19,ㄷㅂㅈㅅ,하남
개미,@gaemi86102518,"저 복어는 도대체
몇달 째 우려먹는거냐??
3개월전에 펜션가서
끓여먹는다더만
징글징글하네 
ㄷㅂㅈㅅ
1",https://twitter.com/gaemi86102518/status/1549803214178234368,2022-07-20,17:07:34,ㄷㅂㅈㅅ,0
$u,@yIyKgMynD0gzXlH,"충남 ㄷㅂㅈㅅ 구해요.
1",https://twitter.com/yIyKgMynD0gzXlH/status/1549739681814056961,2022-07-20,12:55:07,ㄷㅂㅈㅅ,충남
박경호,@rudghxc,"ㄷㅂㅈㅅ 부산 연락해주세요 확실하신분
5",https://twitter.com/rudghxc/status/1549665684359348224,2022-07-20,8:01:05,ㄷㅂㅈㅅ,부산
ㄷㅂ장시,@jeonseongju5,"내일 마지막 한명7
ㄷㅂㅈㅅ
1",https://twitter.com/jeonseongju5/status/1549715717402271746,2022-07-20,11:19:54,ㄷㅂㅈㅅ,0
김진상,@4E2KM6OWL0SVD8W,ㄷㅂㅈㅅ 하실분 한분구합니다 남녀상관없고 지역상관없습니다 이번주내로갈거구요 차랑 ㅅㅁㅈ없습니다 있는건 어느정도준비할 돈뿐입니다 진심이신분만 디엠남겨주세요,https://twitter.com/4E2KM6OWL0SVD8W/status/1550175162917478400,2022-07-21,17:45:34,ㄷㅂㅈㅅ,0
정재욱,@jeongja53372807,"ㄷㅂㅈㅅ 연락주세요 얘기해보고 가겠습니다..
2",https://twitter.com/jeongja53372807/status/1550064707976933376,2022-07-21,10:26:39,ㄷㅂㅈㅅ,0
김진상,@4E2KM6OWL0SVD8W,"ㄷㅂㅈㅅ 하실분 한분구합니다
30대초 남입니다 남녀상관없고 지역상관없습니다 2일내로갈거구요 차랑 ㅅㅁㅈ없습니다 있는건 
어느정도준비할 돈뿐입니다 비용미련없이댈게요 사업실패 결혼생활 실패 진심이신분만 디엠남겨주세요
방법아시는분이면 더좋아요
5",https://twitter.com/4E2KM6OWL0SVD8W/status/1550211718009470976,2022-07-21,20:10:49,ㄷㅂㅈㅅ,0
ㅁㅈㅁ,@majimack,전주 ㄷㅂㅈㅅ,https://twitter.com/majimack/status/1550446453583417346,2022-07-22,11:43:35,ㄷㅂㅈㅅ,전주
개미,@gaemi86102518,"일행 3명 잇다는분
뭐하시는 사람이지?..
정모하세요?..ㅋ
저도 못죽어서 이러고 잇지만
참 안타깝네요 얼마나 더 낚여야
정신들 차리실지... 에효 ㅅ1발..
ㄷㅂㅈㅅ
1",https://twitter.com/gaemi86102518/status/1550880175029489664,2022-07-23,16:27:02,ㄷㅂㅈㅅ,0
ㄷㅂㅈㅅ,@dbjs39850783,"인천ㄷㅂㅈㅅ
오늘 만나기로 한 일행들 다 잠수탐 버려짐..
지금 저혼자 나와있는데 같이 가실분 찾아요
4",https://twitter.com/dbjs39850783/status/1551095703866261504,2022-07-24,6:43:28,ㄷㅂㅈㅅ,인천
이꾸미,@ikkumi3,"ㄷㅂㅈㅅ 같이 하실분
오늘 새벽에 갈생각이고 ㅌㅅ이나 ㅁㅁ생각중입니다.
확고한분만요
4",https://twitter.com/ikkumi3/status/1551106193946333184,2022-07-24,7:25:09,ㄷㅂㅈㅅ,0
이꾸미,@ikkumi3,"ㄷㅂㅈㅅ 사람가지고 장난치는것도아니고 여자란거 인증해달라 데리러가겠다 별 지랄 다 하더니 잠수타고 진짜 뭐하자는건지 모르겠네여. 장난칠 시간이 남아도면 님들 인생이나 발전시키세여^^
1
1",https://twitter.com/ikkumi3/status/1551159105959907328,2022-07-24,10:55:24,ㄷㅂㅈㅅ,0
jjjj,@jonghunbag10,"오늘 전주 새벽 ㄷㅂㅈㅅ 그냥미련없이 가자갈분
3",https://twitter.com/jonghunbag10/status/1551190340526190592,2022-07-24,12:59:31,ㄷㅂㅈㅅ,전주
jjjj,@jonghunbag10,"ㄷㅂㅈㅅ 오늘당장..장난ㅅㅈ
1",https://twitter.com/jonghunbag10/status/1551187892747194368,2022-07-24,12:49:47,ㄷㅂㅈㅅ,0
ㄷㅂㅈㅅ..,@bagseon64704076,"ㄷㅂㅈㅅ 같이하실분 디엠 이나 댓글달아주세요ㅠ
5
1",https://twitter.com/bagseon64704076/status/1551407080363667456,2022-07-25,3:20:46,ㄷㅂㅈㅅ,0
bcw,@bcw29760268,"김천살고
병원일했고 울산운동화 
채원아연락좀줘 ㄷㅂㅈㅅ
걱정이너무된다.
같이잘살자
bcw82텔레그램이야.
너무보고싶어
2",https://twitter.com/bcw29760268/status/1551621219564208128,2022-07-25,17:31:41,ㄷㅂㅈㅅ,김천
땡지,@dugwal2,"서치밴 먹음
ㄷㅂㅈㅅ 구하는중
확실하게 죽을수있으니까 디엠
이동안함 돈 다 내줄테니까 몸만오셈
2",https://twitter.com/dugwal2/status/1551580818614525958,2022-07-25,14:51:08,ㄷㅂㅈㅅ,0
bcw,@bcw29760268,"채원아 보는즉시 연락줘
bcw82. 김천에엄마집 
ㄷㅂㅈㅅ 죽지말고 살자",https://twitter.com/bcw29760268/status/1551793520091885568,2022-07-26,4:56:20,ㄷㅂㅈㅅ,김천
Jkrolling,@Jkrolli54592668,"대전 ㄷㅂㅈㅅ  29~30

익사를 희망합니다
1",https://twitter.com/Jkrolli54592668/status/1552594373182820352,2022-07-28,9:58:39,ㄷㅂㅈㅅ,대전
ㄷㅂㅈㅅ,@bearcoca6,"대구 ㄷㅂㅈㅅ 오늘빠르게 같이 가실분 정말 확고하신분만
6
2",https://twitter.com/bearcoca6/status/1552516626867945473,2022-07-28,4:49:42,ㄷㅂㅈㅅ,대구
나구라,@nagula80444728,"ㄷㅂㅈㅅ 여자고 여자만 서울
8",https://twitter.com/nagula80444728/status/1553049677523668993,2022-07-29,16:07:52,ㄷㅂㅈㅅ,서울
개미,@gaemi86102518,"삶의 의미를 못찾아서 나도 돈 없이
혼자 물만 마시고 공초 주으로 다니면서
근근히 ㅈ같이 살고 잇긴 한데
뒤지지도 않을거 왜 ㄷㅂㅈㅅ 구하면서
사람들한테 피해만 주고 그러세요
경비 없다 준비 없다 누가 이해해줌?
혼자 떨어지던가 목 매다세요
이제 폰도 끊기는데 어찌 살아야대나..
조오옷같네
1
2",https://twitter.com/gaemi86102518/status/1553727762849865728,2022-07-31,13:02:20,ㄷㅂㅈㅅ,0
개미,@gaemi86102518,"준비물 같은 궁굼한거 잇으면
물어보세여 같이는 못해드려도
시도 한 것만 존나게 많으니까
왠만한 건 다 알려드릴 수는잇음
ㄷㅂㅈㅅ
4
2",https://twitter.com/gaemi86102518/status/1553730047839576064,2022-07-31,13:11:24,ㄷㅂㅈㅅ,0
신기햇,@wwoww2468,"ㄷㅂㅈㅅ
죽으면 고1때로 돌아가고 싶다
그때 그 선택을 하는게 아니었는데
1",https://twitter.com/wwoww2468/status/1553817365745262592,2022-07-31,18:58:23,ㄷㅂㅈㅅ,0
개미,@gaemi86102518,"나랑 같이 ㄷㅂㅈㅅ 시도 햇다가
실패 하고서 사회로 다시 복귀한 동생
잊지않고 연락 해줘서 고맙다.
좋은 인연으로 만난 건 아니지만
너라도 열심히 산다고 하는거 보니
참 좋다. 열심히 살아라.
트윗은 다시 하지 말고 삭제해
1
1",https://twitter.com/gaemi86102518/status/1554770712644055041,2022-08-03,10:06:38,ㄷㅂㅈㅅ,0
홍민기,@hongmin28711189,"부산 29살 남자구요 ㄷㅂㅈㅅ 제발 지금 당장이라도 가실분만 방법이나 이런건 몰라요 지금 당장이라두요...
트위터 첨이라 디앰 안보내지면 카톡 mingi765 주세요
1",https://twitter.com/hongmin28711189/status/1554683076453683205,2022-08-03,4:18:24,ㄷㅂㅈㅅ,부산
10,@1qe44fgy9eisdi8,"올해 안으로는 가고싶은데
저랑 같은 생각 하고 계신 분이면
남녀 상관 없을 것 같네요 전 여자고
성인입니다
질소 구할 수 있으신 분 연락 부탁드려요
지역은 제가 가겠습니다
ㄷㅂㅈㅅ
8
2",https://twitter.com/1qe44fgy9eisdi8/status/1555214517222592512,2022-08-04,15:30:10,ㄷㅂㅈㅅ,0
ㅈㄱㅅㄷ,@gimsangcheol2,"ㄷㅂㅈㅅ같이하실분
가절하게 전 아무것도 없지만 대려가주실분 확고합니다 바로갈수도잇습니다
4
1",https://twitter.com/gimsangcheol2/status/1555486281819295744,2022-08-05,9:30:03,ㄷㅂㅈㅅ,0
미칠거같다,@mixccgg7,"부산 ㄷㅂㅈㅅ그냥 성별나이따질분 빠지고 바깥 돌아다니면서 ㅌㅅ할곳찾아서 바로시도하실분 
갑자기 무서워졌다거나 약속 안깨실분 연락주세요
2",https://twitter.com/mixccgg7/status/1556275212840185857,2022-08-07,13:44:59,ㄷㅂㅈㅅ,부산
.,@8bjYl,"ㄷㅂㅈㅅ 방법 아시는 분..
1",https://twitter.com/8bjYl/status/1556119064644202497,2022-08-07,3:24:30,ㄷㅂㅈㅅ,0
뽀시래기,@guwonja7,청주 ㄷㅂㅈㅅ 디엠 주세요.,https://twitter.com/guwonja7/status/1556659347442151425,2022-08-08,15:11:24,ㄷㅂㅈㅅ,청주
뽀시래기,@guwonja7,"청주 ㄷㅂㅈㅅ ㅌㅅ 디엠.
3",https://twitter.com/guwonja7/status/1556659650157617155,2022-08-08,15:12:36,ㄷㅂㅈㅅ,청주
dongj,@bagdong06869582,"진지하게..장난사절
부산 ㄷㅂㅈㅅ 준비되신분만...
1",https://twitter.com/bagdong06869582/status/1556685725017735168,2022-08-08,16:56:13,ㄷㅂㅈㅅ,부산
머머리,@nbcc1004_,"진지 한 분연락 주세요 ㄷㅂㅈㅅ
3",https://twitter.com/nbcc1004_/status/1556766088951918592,2022-08-08,22:15:33,ㄷㅂㅈㅅ,0
개미,@gaemi86102518,"내가 왠만한거는 다 알려줫다 생각하는데
쳐 물어보고 아디 삭제한뒤에
니네들이 그 내용으로 사람을 낚던
말던 신경은 안썻어 디지든 낚든 낚이든
좀 물어볼걸 쳐 물어봐라
왜 대신 죽여달라고까지 하지?
뒤지고는 싶은데 돈 잇는건 쓰고싶냐?
ㄷㅂㅈㅅ
다음 미디어는 민감한 콘텐츠를 포함할 수 있습니다. 설정 변경
보기
1",https://twitter.com/gaemi86102518/status/1556867747786944513,2022-08-09,4:59:30,ㄷㅂㅈㅅ,0
포에버소울트리,@ebeosoulteuli,"ㄷㅂㅈㅅ 제 메시지 차단하신 부산분..
저 이상한 사람아닙니다 저도 간절해서 그래요",https://twitter.com/ebeosoulteuli/status/1556928477429137408,2022-08-09,9:00:50,ㄷㅂㅈㅅ,0
지아호,@jji___ho,"ㄷㅂㅈㅅ 구해요  
공간 있고 차 있고 ㅂㄱㅌ 만 준비해뒀어요.. 같이 오늘 도란도란 얘기 나누다가 가실 분 바로 구합니다
6",https://twitter.com/jji___ho/status/1557371539632189443,2022-08-10,14:21:24,ㄷㅂㅈㅅ,0
ㅁㅈㅁ,@majimack,"ㄷㅂㅈㅅ 전북
1",https://twitter.com/majimack/status/1557453074603868160,2022-08-10,19:45:23,ㄷㅂㅈㅅ,전북
정공주,@jeonggongju61,"@8xaKkGZmHZcoWrb
 님에게 보내는 답글
ㄷㅂㅈㅅ걑이해여",https://twitter.com/jeonggongju61/status/1557315730655170560,2022-08-10,10:39:38,ㄷㅂㅈㅅ,0
정공주,@jeonggongju61,"@junwuu77
 님에게 보내는 답글
ㄷㅂㅈㅅ하나요?걑이해여",https://twitter.com/jeonggongju61/status/1557315308653711360,2022-08-10,10:37:57,ㄷㅂㅈㅅ,0
sang,@byebyebye36,"ㄷㅂㅈㅅ 함께 하실분 계신가요
30초 남자이고 수원거주 중입니다 
ㅈㅍㄷ 이랑 차비정도 있어요 
3일뒤 계획중이며 정말 하실분만 
DM주세요
4",https://twitter.com/byebyebye36/status/1557776401889013760,2022-08-11,17:10:10,ㄷㅂㅈㅅ,수원
디남,@dinam96997835,"@m03984518
 님에게 보내는 답글
ㄷㅂㅈㅅ  하지마세요...나쁜사람 천지삐깔...
1",https://twitter.com/dinam96997835/status/1557771086158131200,2022-08-11,16:49:03,ㄷㅂㅈㅅ,0
.,@polycanada,"@m03984518
 님에게 보내는 답글
ㄷㅂㅈㅅ원합니다",https://twitter.com/polycanada/status/1557646246676148225,2022-08-11,8:32:59,ㄷㅂㅈㅅ,0
포에버소울트리,@ebeosoulteuli,"ㄷㅂㅈㅅ 김해 확고하신분만
2",https://twitter.com/ebeosoulteuli/status/1558059928748957696,2022-08-12,11:56:49,ㄷㅂㅈㅅ,김해
유유,@zasalhalre,"@gimdahu51554347
 님에게 보내는 답글
저 죄송하지만 혹시 여디서 ㄷㅂㅈㅅ한다고 하면 어떤 사기를 치는 사람이 있는지 알 수 있을까요? 질소나 수면제 있다고 사기치고 돈받고 잠수타는 유형들인가요?
1",https://twitter.com/zasalhalre/status/1558110649170796546,2022-08-12,15:18:21,ㄷㅂㅈㅅ,0
발라리안,@l_bite_U,ㄷㅂㅈㅅ 지금 서울에서 전철비 급하게 지원해주실분 계신가요 일행하고 합류하는중에 카드문제로 발이묶여있습니다,https://twitter.com/l_bite_U/status/1558776343575216128,2022-08-14,11:23:35,ㄷㅂㅈㅅ,서울
ㅇㅇ0,@gimdahu51554347,"ㄷㅂㅈㅅ 부산
2",https://twitter.com/gimdahu51554347/status/1558763713360203776,2022-08-14,10:33:24,ㄷㅂㅈㅅ,부산
포에버소울트리,@ebeosoulteuli,"ㄷㅂㅈㅅ 김해 사는사람
정말 확고하신분만
2",https://twitter.com/ebeosoulteuli/status/1558737507579482112,2022-08-14,8:49:16,ㄷㅂㅈㅅ,김해
제발,@ojewon6,"ㄷㅂㅈㅅ 가실분만 서울만요 ... 
진지하신분만 ....
Jwzzang 텔주세요
1",https://twitter.com/ojewon6/status/1558878824791650305,2022-08-14,18:10:49,ㄷㅂㅈㅅ,서울
ㅇㅇ0,@gimdahu51554347,"ㄷㅂㅈㅅ인천
준비물이랑장소도없는데
끼워주실분구합니다
제발가고싶습니다
1",https://twitter.com/gimdahu51554347/status/1558627459985158144,2022-08-14,1:31:59,ㄷㅂㅈㅅ,인천
최드아,@choehyoon,"ㄷㅂㅈㅅ 구합니다 부산이면 더 좋아요
3
1",https://twitter.com/choehyoon/status/1559007467492610049,2022-08-15,2:41:59,ㄷㅂㅈㅅ,부산
ㄷㅂㅈㅅ,@dbjs12099836,"ㄷㅂㅈㅅ 같이 하실분 홍천
4
1",https://twitter.com/dbjs12099836/status/1559052737974652928,2022-08-15,5:41:53,ㄷㅂㅈㅅ,홍천
sang,@byebyebye36,"ㄷㅂㅈㅅ 구해보다가 적극적인 분이 없어서 
혼자 시도했는데 목맴 쉽지않네요 진짜… 
불완전으로 시도했는데 블랙아웃만 되면 저도모르게 다리에 힘을주게되요… 하
그냥 ㅌㅅ 할까봐
1
1",https://twitter.com/byebyebye36/status/1559225376836308992,2022-08-15,17:07:53,ㄷㅂㅈㅅ,0
ㄷㅂㅈㅅ,@dbjs12099836,"ㄷㅂㅈㅅ대전 여자이구요
비용없어요 픽업 및 껴주실분만 진지하신분만  연락주세요
5
3",https://twitter.com/dbjs12099836/status/1559036511940534273,2022-08-15,4:37:24,ㄷㅂㅈㅅ,대전
ㄱㅂ,@gb83844188,"ㄷㅂㅈㅅ
전주 
같이 가실분 계신가요
1
4",https://twitter.com/gb83844188/status/1559432078856376320,2022-08-16,6:49:15,ㄷㅂㅈㅅ,전주
010-560-39094,@010_560,"ㄷㅂㅈㅅ
40대 ... 정말 의지력이 강했는데...
이젠 붕괴 됐습니다.
같이 서로 도움이 될 사람 함께하고 싶네요
미안하고 감사합니다
5",https://twitter.com/010_560/status/1559569836061011968,2022-08-16,15:56:38,ㄷㅂㅈㅅ,0
ㅇㄹ,@gimyong10318417,"ㄷㅂㅈㅅ
천안

계신가요",https://twitter.com/gimyong10318417/status/1559499131466330112,2022-08-16,11:15:41,ㄷㅂㅈㅅ,천안
sang,@byebyebye36,"ㅌㅅ이나 ㅈㅅ같은거는 실패시 후유증크고 
가족에 피해가 크다고 해서 
골절로 인한 목ㅁ하려는데 오늘 같이 가실분 계신가요 뎀주세요 ㄷㅂㅈㅅ",https://twitter.com/byebyebye36/status/1559415536693325824,2022-08-16,5:43:31,ㄷㅂㅈㅅ,0
다시 돌아온 08년생 딸기으융,@hito_li0,"ㄷㅂㅈㅅ 생각있는 분 빠르게 디엠
1",https://twitter.com/hito_li0/status/1559894877605089281,2022-08-17,13:28:14,ㄷㅂㅈㅅ,0
ㄷㅂㅈㅅ,@dbjs20893375,"ㄷㅂㅈㅅ 구합니다 빠른시일내가좋습니다
2",https://twitter.com/dbjs20893375/status/1560106446628405248,2022-08-18,3:28:56,ㄷㅂㅈㅅ,0
ㄷㅂㅈㅅ,@k_jihun11,"ㄷㅂㅈㅅ

자차잇고 준비물잇으신분 구합니다
5",https://twitter.com/k_jihun11/status/1560057273812021248,2022-08-18,0:13:33,ㄷㅂㅈㅅ,0
써리,@tlqkfTf,"하 아니 근데 갑자기
내가 좀 제정신 아니었던 것 같음
생각해보니까 나 그 ㄷㅂㅈㅅ 글 6천자인가 7천자짜리 쓸 때 시험 치는 중이었음 ㅆㅂ
1
1",https://twitter.com/tlqkfTf/status/1560524465875734528,2022-08-19,7:10:00,ㄷㅂㅈㅅ,0
절망,@jeolmang6,"부산 ㄷㅂㅈㅅ
1",https://twitter.com/jeolmang6/status/1560425371371126785,2022-08-19,0:36:14,ㄷㅂㅈㅅ,부산
대전꾸러기,@isangyo37704625,"ㄷㅂㅈㅅ하실분있을까요 혼자는 용기가 안나네요.. 소주와 ㅂㄱㅌ 준비되있어요.. 옥천 가능합니다
3",https://twitter.com/isangyo37704625/status/1560949882793623553,2022-08-20,11:20:27,ㄷㅂㅈㅅ,옥천
대전꾸러기,@isangyo37704625,"ㄷㅂㅈㅅ하실분있을까요 혼자는 용기가 안나네요.. 소주와 ㅂㄱㅌ 준비되있어요...
2",https://twitter.com/isangyo37704625/status/1560949460653740032,2022-08-20,11:18:47,ㄷㅂㅈㅅ,0
---,@OOO49050927,"ㄷㅂㅈㅅ 청주 여자
천천히 준비해서 가실분
진지하신분들만
10
2",https://twitter.com/OOO49050927/status/1561364848486653955,2022-08-21,14:49:23,ㄷㅂㅈㅅ,청주
쫑,@_jong_ie_commu,"위에 뮤비 ㄷㅂㅈㅅ암시 표현 있음!!!!
심한 고어물은 아닌데 혹시 몰라서",https://twitter.com/_jong_ie_commu/status/1561330219092348935,2022-08-21,12:31:47,ㄷㅂㅈㅅ,0
gkfus,@gkfu7833,"ㄷㅂㅈㅅ

파주

준비는 다 되어있습니다

정말 확고하신분만 연락부탁드립니다

날짜는 상의해서 잡고 연락처다까고 만날 수 있으신분만요
10",https://twitter.com/gkfu7833/status/1561593419453018117,2022-08-22,5:57:38,ㄷㅂㅈㅅ,파주
지나간다,@jananvin8,"@helloyoon_e
 님에게 보내는 답글
자해 수준이 높은데
ㄷㅂㅈㅅ 생각없나요? 
수도권입니다
2
1",https://twitter.com/jananvin8/status/1561833091056156672,2022-08-22,21:50:01,ㄷㅂㅈㅅ,0
개미,@gaemi86102518,"ㄷㅂㅈㅅ 안구하니까 메세지 보내지마세요
내가 몇번을 말하냐 트윗 믿냐? 니넨??
얘네보고 느끼는거 없냐?
디질거면 알아서 가
사기 쳐 맞고 징징 글 쳐 올리지말고
다음 미디어는 민감한 콘텐츠를 포함할 수 있습니다. 설정 변경
보기",https://twitter.com/gaemi86102518/status/1563070714806431744,2022-08-26,7:47:53,ㄷㅂㅈㅅ,0
개미,@gaemi86102518,"ㅂㄱㅌ 쉬워보이니까
전부 ㅂㄱㅌ 구하는건가ㅋ
후유증? 반병신? 말하는 사람들
시도도 안해봣다에 내목검
시도햇다해도 끽해야 10초 버텻을라나
토치로 ㅂㄱㅌ 피우자마자 버틸 수 없는
연기 나오는게 ㅂㄱㅌ인데ㅋ
그리구 후유증 없다ㅋ ㅇㅌ이 후유증 잇지
ㅂㄱㅌ은 어지러움 못아픔 정도?
ㄷㅂㅈㅅ",https://twitter.com/gaemi86102518/status/1563277121627496448,2022-08-26,21:28:04,ㄷㅂㅈㅅ,0
ㅇㄹㅇ,@2hPk0I8jkG1McW0,"ㄷㅂㅈㅅ 면허있으시거나 자차 있으신 분
디엠주세요 장소 방법은 디엠주시면 알려드리겠습니다",https://twitter.com/2hPk0I8jkG1McW0/status/1563086008929128449,2022-08-26,8:48:39,ㄷㅂㅈㅅ,0
ㅇㄹㅇ,@2hPk0I8jkG1McW0,ㄷㅂㅈㅅ ㅌㅅ하실 분 자차나 면허 있으신 분으로요,https://twitter.com/2hPk0I8jkG1McW0/status/1563397834334158849,2022-08-27,5:27:44,ㄷㅂㅈㅅ,0
준,@somyeong16,지친다..부산  ㄷㅂㅈㅅ,https://twitter.com/somyeong16/status/1563407098264064001,2022-08-27,6:04:33,ㄷㅂㅈㅅ,부산
준,@somyeong16,부천 ㄷㅂㅈㅅ 구합니다,https://twitter.com/somyeong16/status/1563623292552216577,2022-08-27,20:23:38,ㄷㅂㅈㅅ,부천
준,@somyeong16,"ㄷㅂㅈㅅ하실분 계실까요 장소만 구해주시면됩니다.
ㅂㄱㅌ할 예정이고요
2",https://twitter.com/somyeong16/status/1563393937427304448,2022-08-27,5:12:15,ㄷㅂㅈㅅ,0
싸발,@ssabal_00,"ㄷㅂㅈㅅ 구해봄
4",https://twitter.com/ssabal_00/status/1563843697107927040,2022-08-28,10:59:26,ㄷㅂㅈㅅ,0
준,@somyeong16,자차나 렌트 있으신분 연락주세요. ㄷㅂㅈㅅ,https://twitter.com/somyeong16/status/1563896325745557504,2022-08-28,14:28:34,ㄷㅂㅈㅅ,0
준,@somyeong16,"같이갈분 없으면 혼자라도 갈렵니다 ㄷㅂㅈㅅ
ㅂㄱㅌ재료 다있습니다.장소만 구해요
5",https://twitter.com/somyeong16/status/1563779288209686528,2022-08-28,6:43:30,ㄷㅂㅈㅅ,0
준,@somyeong16,"ㄷㅂㅈㅅ
ㅂㄱㅌ 실패가능성있다고 답글 다신분 있으시던데
그럼 확실한 방법 말해달라 여쭤보니까 바로 답글 지우시고 가셨네요 ㅋ
ㅂㄱㅌ 실패가능성 있고 제가 아는 지인도 ㅂㄱㅌ으로 갔습니다. 그쪽은 못버티시고 살고싶어서 실패되신거겠죠. 본인 실패한걸 남한테 실패가능성있다 말하지마세요
8
2
4",https://twitter.com/somyeong16/status/1563898305478037509,2022-08-28,14:36:26,ㄷㅂㅈㅅ,0
ㄷㅂㅈㅅ,@dbjs20806091,"전주 ㄷㅂㅈㅅ
며칠 계획잡고 진지하게 가실분만
1",https://twitter.com/dbjs20806091/status/1564241699785740290,2022-08-29,13:20:58,ㄷㅂㅈㅅ,전주
개미,@gaemi86102518,"헬륨이나 목맴으로 갈거면
왜 ㄷㅂㅈㅅ를 구함?..
낚이는 님이나 구하는 님이나
비슷해보이는데 ㅋ
목매다는데 서로 겸상이라도 하시게?
헬륨도 어차피 봉지 뒤집어 쓰면
옆에 누가 잇든 숨막히고
두려워서 암것도 생각 안날텐데
혼자는 무서움?..ㅋ",https://twitter.com/gaemi86102518/status/1564553348946468864,2022-08-30,9:59:21,ㄷㅂㅈㅅ,0
개미,@gaemi86102518,"ㅂㄱㅌ이나 ㅇㅌ은 ㅅㅁㅈ 모으고
ㄷㅂㅈㅅ끼리 준비물 사고
ㅅㅁㅈ 의존으로 서로 같이 한다 쳐도
ㅌㅅ이면 이해라도 하겟는데
목매는데 왜 구하는거지 .. 흠..
아직까지 살아잇는 나도
이해가 안가긴 하네
2",https://twitter.com/gaemi86102518/status/1564554281688399872,2022-08-30,10:03:03,ㄷㅂㅈㅅ,0
퍼플레인,@golduforain,"ㄷㅂㅈㅅ 생명의 전화니 뭐니 하는 것들도 재수탱이
2",https://twitter.com/golduforain/status/1564608323575750662,2022-08-30,13:37:48,ㄷㅂㅈㅅ,0
퍼플레인,@golduforain,"ㄷㅂㅈㅅ가장 최고 악질은 신고하는 새끼들임. 신고 당해서 경찰서 갔었는데 어찌어찌 변명해서 잘 마무리가 됐지만 신고한 새끼 누군지 죽여버리고 싶었음. 남이사 죽든 말든 좀 내버려두자, 응?!!
2
3",https://twitter.com/golduforain/status/1564607539450646536,2022-08-30,13:34:41,ㄷㅂㅈㅅ,0
퍼플레인,@golduforain,"ㄷㅂㅈㅅ얘들아, 여기서 백날 구해봤자 진짜는 거의 없다. 난 포기했다. 여러사람 만나보고 시간 지나면 이해할거다. 그지같은 세상이고 죽지 못해 살고 있고 또 언제 갈 생각 할지 모르지만 지금은 포기상태다.
1",https://twitter.com/golduforain/status/1564589684944416769,2022-08-30,12:23:44,ㄷㅂㅈㅅ,0
처음,@kkwak8,"ㄷㅂㅈㅅ
부산 질ㅅ 가능하니까 차량 준비 가능하신분 구합니다
오늘 할거니까 빠르게 dm주세요
1
1
1",https://twitter.com/kkwak8/status/1565213148868902912,2022-09-01,5:41:09,ㄷㅂㅈㅅ,부산
쿠우,@zmzn033,"ㄷㅂㅈㅅ 구해요 오늘 가려고 합니다
2",https://twitter.com/zmzn033/status/1565333950314463232,2022-09-01,13:41:10,ㄷㅂㅈㅅ,0
대전,@eqwtgogo,"대전 ㄷㅂㅈㅅ 정말 확고하신 분만요. 방법에 대해서도 가닥은 잡혀있으신 분만 연락부탁드립니다. 같이 술한잔하시고 미련없이 가시죠.
1",https://twitter.com/eqwtgogo/status/1565633843188551683,2022-09-02,9:32:50,ㄷㅂㅈㅅ,대전
이상용,@isangyo21351856,"대전지역 ㄷㅂㅈㅅ 구합니다 소주 ㅂㄱㅌ 준비되어잇어요 디엠이나 답글달아주세요
1",https://twitter.com/isangyo21351856/status/1565603253341270016,2022-09-02,7:31:17,ㄷㅂㅈㅅ,대전
이상용,@isangyo21351856,ㄷㅂㅈㅅ 대전구합니다 소주와 ㅂㄱㅌ 준비되어잇어요,https://twitter.com/isangyo21351856/status/1565594965807607808,2022-09-02,6:58:21,ㄷㅂㅈㅅ,대전
않태일 지망생,@sinyoung_jaegi,"@shota_iIIusion
 님에게 보내는 답글
ㄷㅂㅈㅅ?
1",https://twitter.com/sinyoung_jaegi/status/1565889781305085952,2022-09-03,2:29:51,ㄷㅂㅈㅅ,0
포킷,@Bananasarewhite,"헐 친구가 갑자기 전화와서 모르는 사람한테 톡이 왔다 ㄷㅂㅈㅅ 같이 할래요? 라고 근데 초성이 뭔지 몰라서 물어봤더니 동반자살이라고 얘기했대 이 뭔. . ..... 여름 다 끝나가는데 갑자기 분위기 공포
1
2",https://twitter.com/Bananasarewhite/status/1566368417724366848,2022-09-04,10:11:47,ㄷㅂㅈㅅ,0
녕안,@3571In548,"ㄷㅂㅈㅅ 최대한 빨리 가고싶어요 좋은 방법 있는분 디엠주세요 찔러보지마세요 제발
2
1",https://twitter.com/3571In548/status/1566291433530634241,2022-09-04,5:05:52,ㄷㅂㅈㅅ,0
ㄷㄷㄷㄷ,@dddd57327301,"ㄷㅂㅈㅅ
이번 추석에 가실분 구합니다
다들 연락만 되고 잠수타거나 애매하네요 확실하신분 연락주세요
ㅂㄱㅌ은 생각이 없습니다
강으로 ㅌㅅ 할거에요 구조 안되는 곳으로 갈겁니다
3",https://twitter.com/dddd57327301/status/1566717444827529216,2022-09-05,9:18:41,ㄷㅂㅈㅅ,0
김새로이,@eorngnsska,"ㄷㅂㅈㅅ
장소있습니다
ㅅㅁㅈ가지고계신분
ㅇㅌ으로 가려합니다.
정말 장난사절합니다.
3
1",https://twitter.com/eorngnsska/status/1567615681327427584,2022-09-07,20:47:57,ㄷㅂㅈㅅ,0
ㄷㅂㅈㅅ,@dbjs80998354,"대구 ㄷㅂㅈㅅ구합니다
3",https://twitter.com/dbjs80998354/status/1567387381430636544,2022-09-07,5:40:47,ㄷㅂㅈㅅ,대구
유,@jin12010,울산입니다 목ㅁ 할건데 ㄷㅂㅈㅅ 같이하실분 텔비 술값 다 냅니다,https://twitter.com/jin12010/status/1568095824563048448,2022-09-09,4:35:53,ㄷㅂㅈㅅ,울산
jackie Yes,@jackieYes1,"@soop61955684
 님에게 보내는 답글
ㄷㅂㅈㅅ 진지하게 원합니다
1",https://twitter.com/jackieYes1/status/1568170023159726080,2022-09-09,9:30:43,ㄷㅂㅈㅅ,0
.,@VUk4h4zVRcuvbNv,"ㄷㅂㅈㅅ 동반자살 구해요 저 수면제 있어요
인천입니다.
2",https://twitter.com/VUk4h4zVRcuvbNv/status/1568572505924960263,2022-09-10,12:10:02,ㄷㅂㅈㅅ,인천
오늘만산다loao4021@gmail.com,오늘만산다loao4021@gmail.com,"이러저러한 이유로 지금까지 미뤄왔는데 정말힘들어요 .. ㄷㅂㅈㅅ 하실분 연락 주세요 ... 장난 말고요 정말로
10
2",https://twitter.com/loao4021/status/1568389230271012865,2022-09-10,0:01:46,ㄷㅂㅈㅅ,0
고토옹,@gotoong,"ㄷㅂㅈㅅ
박제중
넌 인간이길 포기한듯하다
추후에 넌 반드시 경찰에 신고한다
항상 기대해라
조완철
@ggdryvcdyy
·
7월 21일
북어채 판매 합니다
1
1",https://twitter.com/gotoong/status/1568976486228688896,2022-09-11,14:55:19,ㄷㅂㅈㅅ,0
고토옹,@gotoong,"ㄷㅂㅈㅅ
이놈은 늘 패드립 치고 남들 욕함
늘 구라까면서 여자애 미쳐있는 꼰대
조완철
@ggdryvcdyy
·
7월 31일
@gaemi86102518 님에게 보내는 답글
ㅋㅋ개미  애미애비디진년.?
1",https://twitter.com/gotoong/status/1568975130570944514,2022-09-11,14:49:55,ㄷㅂㅈㅅ,0
dbjs,@SjhKva,"ㄷㅂㅈㅅ

 ㅅㅁㅈ 충분히 있으신분.. 디엠주세요..
1
1
2",https://twitter.com/SjhKva/status/1569345562243387392,2022-09-12,15:21:53,ㄷㅂㅈㅅ,0
Geumanh,@SeongJinHwang1,ㄷㅂㅈㅅ이런 문구로 태그 올리면 트위터에서 계정 차단하고 막 전번 인증 시키는 등..골치 아프더라구요. 얘기 나눠요,https://twitter.com/SeongJinHwang1/status/1569355032138776577,2022-09-12,15:59:31,ㄷㅂㅈㅅ,0
유,@jin12010,"내일 5시 쯤 ㅁㅁ 할거에요 시간 더 안미루고 내일 확실하게 가고싶습니다 울산 이고 ㄷㅂㅈㅅ 할 분 있음 말해주세요 내일 오후 다섯시 입니다  텔비 제가 냅니다.
4
1",https://twitter.com/jin12010/status/1569336654909034496,2022-09-12,14:46:30,ㄷㅂㅈㅅ,0
서승희,@seoseunghui4,"ㄷㅂㅈㅅ 원해요 한번 시도 하다가 살아 났어요 확실하게 갈수 없나요?
6
3",https://twitter.com/seoseunghui4/status/1569716873922740225,2022-09-13,15:57:21,ㄷㅂㅈㅅ,0
고토옹,@gotoong,"ㄷㅂㅈㅅ
메갈 주제에 어딜?
넌 이미 신고 때렸다
4",https://twitter.com/gotoong/status/1570187863391895552,2022-09-14,23:08:53,ㄷㅂㅈㅅ,0
죽고싶다,@YzFeca8,"ㄷㅂㅈㅅ 임채현 최종진 둘다 사람 새끼 만들어 보려다 실패 했네 돈 만 날리고 ㅠㅠ
1",https://twitter.com/YzFeca8/status/1570023798296182784,2022-09-14,12:16:57,ㄷㅂㅈㅅ,0
죽고싶다,@YzFeca8,ㄷㅂㅈㅅ 그냥 소소한 얘기나 나눠 실분 쪽지 해주세요,https://twitter.com/YzFeca8/status/1570023900981129218,2022-09-14,12:17:22,ㄷㅂㅈㅅ,0
죽고싶다,@YzFeca8,"ㄷㅂㅈㅅ 정인호 유충진 살아 있나??!
살아 있음 쪽지해라?",https://twitter.com/YzFeca8/status/1570022978691436545,2022-09-14,12:13:42,ㄷㅂㅈㅅ,0
서성원,@seoseon19868226,ㄷㅂㅈㅅ 겁쟁이들,https://twitter.com/seoseon19868226/status/1570732844359753730,2022-09-16,11:14:27,ㄷㅂㅈㅅ,0
ㅇㅇㅇ,@pa9SOIrWUkPisJr,"@dsjb20
 님에게 보내는 답글
ㄷㅂㅈㅅ이 뭐임?",https://twitter.com/pa9SOIrWUkPisJr/status/1570831325430714370,2022-09-16,17:45:47,ㄷㅂㅈㅅ,0
,@toga_hotdog,"""ㄷㅂㅈㅅ하기 딱 좋은 날씨지.""",https://twitter.com/toga_hotdog/status/1571046722675290112,2022-09-17,8:01:41,ㄷㅂㅈㅅ,0
ㅁㅈㅁ,@majimack,"전주 ㄷㅂㅈㅅ
1
2",https://twitter.com/majimack/status/1571267482912182272,2022-09-17,22:38:55,ㄷㅂㅈㅅ,전주
무의미,@Hate_SpE3ch,"ㄷㅂㅈㅅ 생각보다 전부 구라네
투신 ㄷㅂㅈㅅ 없나요 대전 성인 남성입니다 디엠주셔도 되고 텔레그램 아이디 알려주셔도 됩니다 ㅌㅅ 명소 아시거나 알려주시면 감사합니다
2",https://twitter.com/Hate_SpE3ch/status/1571052512240865282,2022-09-17,8:24:42,ㄷㅂㅈㅅ,대전
Kim,@nihao0819,"창원  ㄷㅂㅈㅅ구합니다
1",https://twitter.com/nihao0819/status/1571402942544216069,2022-09-18,7:37:11,ㄷㅂㅈㅅ,창원
가고싶,@gagosip2,"구미 ㄷㅂㅈㅅ 구합니다...
내일이라도 바로 가실분..연락주세요 방법있으시면 더좋습니다..너무힘드네요
4",https://twitter.com/gagosip2/status/1571870681423572992,2022-09-19,14:35:49,ㄷㅂㅈㅅ,구미
개미,@gaemi86102518,"전주 ㅅㅁㅈ 한개만
주고 가주실분??
없겟죠?
ㄷㅂㅈㅅ
8",https://twitter.com/gaemi86102518/status/1572366934972436480,2022-09-20,23:27:45,ㄷㅂㅈㅅ,전주
더이상은...,@neC8yLsS7brkBdH,"ㄷㅂㅈㅅ 확고한분만 디엠.프로필확인
2
1
2",https://twitter.com/neC8yLsS7brkBdH/status/1572035608058658816,2022-09-20,1:31:10,ㄷㅂㅈㅅ,0
dbjs,@SjhKva,"ㄷㅂㅈㅅ 최대한 빨리 가고싶습니다. ㅅㅁㅈ 있으신분 연락주세요. 제발 장난치지 말아주세요.
2",https://twitter.com/SjhKva/status/1572361092214689794,2022-09-20,23:04:32,ㄷㅂㅈㅅ,0
고토옹,@gotoong,"ㄷㅂㅈㅅ
조완철 계정 2개입니다
사기꾼입니다
댓글에 보이면 무조건 차단 박으세요
할줄 아는 욕도 매우 적어서
부모욕뿐이 모릅니다
뇌가 없어서 그런건가..
8",https://twitter.com/gotoong/status/1572625524807315456,2022-09-21,16:35:17,ㄷㅂㅈㅅ,0
...,@XCXmarnGUZIPKJB,"ㄷㅂㅈㅅ 확실하신분
1",https://twitter.com/XCXmarnGUZIPKJB/status/1573148719331287041,2022-09-23,3:14:17,ㄷㅂㅈㅅ,0
진짜에요,@bagchangsig17,"ㄷㅂㅈㅅ 진지해요 같이가실분 성별뭐가중요한가요 아무나같이갑시다
14",https://twitter.com/bagchangsig17/status/1573271622290935808,2022-09-23,11:22:39,ㄷㅂㅈㅅ,0
고토옹,@gotoong,"ㄷㅂㅈㅅ

이놈은 거르세용
조완철
@ggdryvcdyy
·
9월 22일
@gotoong 님에게 보내는 답글
얘들아  욕처먹고싶은사람 디엠날려  욕실컷해줄게
2",https://twitter.com/gotoong/status/1573642736770912256,2022-09-24,11:57:19,ㄷㅂㅈㅅ,0
ㅁㅈㅁ,@majimack,"전주 ㄷㅂㅈㅅ
2
2",https://twitter.com/majimack/status/1573955347609309184,2022-09-25,8:39:32,ㄷㅂㅈㅅ,전주
ㄷㅂㅈㅅ,@VAHBt7NkRaBNZK2,"제주 ㄷㅂㅈㅅ
1",https://twitter.com/VAHBt7NkRaBNZK2/status/1574739503117258753,2022-09-27,12:35:29,ㄷㅂㅈㅅ,제주
새백,@saebaeg1,ㄷㅂㅈㅅ 이이게뭐꼬,https://twitter.com/saebaeg1/status/1575127938147659776,2022-09-28,14:18:59,ㄷㅂㅈㅅ,0
새백,@saebaeg1,"@daju_chew
 님에게 보내는 답글
그으.... 연인이 ㄷㅂㅈㅅ 하는 내용
1
1",https://twitter.com/saebaeg1/status/1575131248913096705,2022-09-28,14:32:08,ㄷㅂㅈㅅ,0
1,@yeolilgobn,"그냥 ㄷㅂㅈㅅ이나 구할까 뒤지면 다 편할듯 죽고싶당
4
2",https://twitter.com/yeolilgobn/status/1575460931672612869,2022-09-29,12:22:11,ㄷㅂㅈㅅ,0
후,@dnwn776,"ㄷㅂㅈㅅ 일산 29 남 재료없고 차만있음
10
1",https://twitter.com/dnwn776/status/1575314544968474629,2022-09-29,2:40:30,ㄷㅂㅈㅅ,일산
고토옹,@gotoong,"ㄷㅂㅈㅅ
거르세요
사기꾼 여미새 낚시
패드립 전문입니다
조완철
@jggxxcgh4
·
9월 30일
@gotoong 님에게 보내는 답글
니애미 디진년아 니애비디진년아
7",https://twitter.com/gotoong/status/1575561602627436544,2022-09-29,19:02:13,ㄷㅂㅈㅅ,0
ㄷㅂㅈㅅ,@3ui7qRWyRdLobZt,"ㄷㅂㅈㅅ구함 여자라서 여자만 구함  인증할거고 저도 인증할거임
4",https://twitter.com/3ui7qRWyRdLobZt/status/1576130646824476672,2022-10-01,8:43:23,ㄷㅂㅈㅅ,0
떠날준비완료,@gwonwonjun2,"조용히 11일 ㄷㅂㅈㅅ
4
3",https://twitter.com/gwonwonjun2/status/1576068722862981128,2022-10-01,4:37:20,ㄷㅂㅈㅅ,0
kwakjihey,@kwakjihey,"ㄷㅂㅈㅅ 지금같이갈사람
9
3",https://twitter.com/kwakjihey/status/1576186524156145670,2022-10-01,12:25:26,ㄷㅂㅈㅅ,0
ㄷㅂㅈㅅ,@3ui7qRWyRdLobZt,"ㄷㅂㅈㅅ구함 여자라 여자만 구함
1",https://twitter.com/3ui7qRWyRdLobZt/status/1576096262176112640,2022-10-01,6:26:46,ㄷㅂㅈㅅ,0
이유미,@dlwogns8633,"뭐가 나를 이리힘들게하는걸까? 
나는 왜이리 불안하지?...
#정병계  #ㄷㅂㅈㅅ #우울계
2",https://twitter.com/dlwogns8633/status/1576627918515494912,2022-10-02,17:39:22,ㄷㅂㅈㅅ,0
김정욱,@gimjeon70530853,"ㄷㅂㅈㅅ 디엠 주세요 장난 아닙니다
2
2",https://twitter.com/gimjeon70530853/status/1576990762717171712,2022-10-03,17:41:11,ㄷㅂㅈㅅ,0
떠날준비완료,@gwonwonjun2,"ㄷㅂㅈㅅ구한다면서 돈있는데 죽는다고?
끝까지허세는..5억줘 확실하게 보내주고 ㄱㅂ 다녀올께",https://twitter.com/gwonwonjun2/status/1576985494155501568,2022-10-03,17:20:15,ㄷㅂㅈㅅ,0
이것은 새가 아니다,@lili1188lili,"@dndalsrh
 님에게 보내는 답글
ㄷㅂㅈㅅ",https://twitter.com/lili1188lili/status/1576977791262031872,2022-10-03,16:49:38,ㄷㅂㅈㅅ,0
ㅎㅎ,@hh91003005,"ㄷㅂㅈㅅ 서산
1",https://twitter.com/hh91003005/status/1577165761960767488,2022-10-04,5:16:34,ㄷㅂㅈㅅ,서산
떠날준비완료,@gwonwonjun2,ㄷㅂㅈㅅ 여자가 같이가면 그나마 위로가될꺼같은건 용기부족인거임?,https://twitter.com/gwonwonjun2/status/1577265797353058304,2022-10-04,11:54:04,ㄷㅂㅈㅅ,0
떠날준비완료,@gwonwonjun2,"ㄷㅂㅈㅅ 오늘 ㅊㅅㄱㄹ하신다는분
떠났을까봐 너무 불안해
나도 곧 갈껀데 왜 이리 신경쓰이지..
진짜 사람 마음이 간사하다
가셨더라도 조금이라도 편히 가셨음 좋겠어
1",https://twitter.com/gwonwonjun2/status/1577321819165818881,2022-10-04,15:36:41,ㄷㅂㅈㅅ,0
고토옹,@gotoong,"ㄷㅂㅈㅅ
이새기...
제발 걸러요
조완철
@jggxxcgh4
·
10월 1일
@meow_jg 님에게 보내는 답글
보지중에개미보지가   쥑이지
1",https://twitter.com/gotoong/status/1577541811744419840,2022-10-05,6:10:51,ㄷㅂㅈㅅ,0
떠날준비완료,@gwonwonjun2,"ㄷㅂㅈㅅ 마음먹은날 3일남아따
아직까지는 실감안나네
같이갈사람도 몇명구했고..
다 안나오면 어떡하나 그게 제일걱정
5
2",https://twitter.com/gwonwonjun2/status/1577656465837289472,2022-10-05,13:46:27,ㄷㅂㅈㅅ,0
고토옹,@gotoong,"ㄷㅂㅈㅅ
조완철 사기꾼입니다
심심하면 구걸 섹트 사기 패드립
온갖 쓰레기짓은 다 합니다
복어 판다고 하고 사기도 잘 칩니다
1
1",https://twitter.com/gotoong/status/1578303078935105538,2022-10-07,8:35:52,ㄷㅂㅈㅅ,0
파란 아오,@Ah__0h,"울산ㄷㅂㅈㅅ 구합니다
1",https://twitter.com/Ah__0h/status/1578634200852615169,2022-10-08,6:31:37,ㄷㅂㅈㅅ,울산
ㄷㅂㅈㅅ,@dbjs80998354,"ㄷㅂㅈㅅ 확실하신분
2",https://twitter.com/dbjs80998354/status/1578848679355482115,2022-10-08,20:43:53,ㄷㅂㅈㅅ,0
튀이거,@twiigeo,"경기도 ㄷㅂㅈㅅ 하실분 계획 있으신분 없으셔도 됩니다 방법은 많으니까요.. 함께 소주 한 잔 먹고 갈 사람 구합니다 삶에 미련이 없네요
9",https://twitter.com/twiigeo/status/1578634814009528320,2022-10-08,6:34:03,ㄷㅂㅈㅅ,경기도
이름없음,@saaalzA1,"ㄷㅂㅈㅅ 충남  장소 준비물다잇어요
2",https://twitter.com/saaalzA1/status/1578645971952881664,2022-10-08,7:18:24,ㄷㅂㅈㅅ,충남
이름없음,@saaalzA1,"ㄷㅂㅈㅅ 푸른아오 조심 떠보는 낚시쟁이임
2
1
1",https://twitter.com/saaalzA1/status/1578680222995865601,2022-10-08,9:34:30,ㄷㅂㅈㅅ,0
이제편하고싶어,@stop__po,"지역은 부산이지만 확실한 방법 준비 되어있으면 이동할 수 있습니다 ㄷㅂㅈㅅ
2",https://twitter.com/stop__po/status/1579036142745579520,2022-10-09,9:08:48,ㄷㅂㅈㅅ,부산
....,@G4LtPdz4aSFh7lU,"지금 대전 왔는데 잠수 탔네요 지금 대전 이신분 ㄷㅂㅈㅅ 동반자살
5
1",https://twitter.com/G4LtPdz4aSFh7lU/status/1579118430510538752,2022-10-09,14:35:47,ㄷㅂㅈㅅ,대전
노답이다,@IdaNodab,"ㄷㅂㅈㅅ 구해요 차량있구요
쪽지주세요 전북입니다
6
1",https://twitter.com/IdaNodab/status/1579023368698753026,2022-10-09,8:18:02,ㄷㅂㅈㅅ,전북
이제편하고싶어,@stop__po,"댓글로 주셔도 괜찮고 쪽지도 괜찮습니다
ㄷㅂㅈㅅ 확실한 방법 있으신준 연락주세요
7",https://twitter.com/stop__po/status/1579041190120652800,2022-10-09,9:28:51,ㄷㅂㅈㅅ,0
미 오,@mi1oooooo,"ㄷㅂㅈㅅ
20 여
성인 여자만 구해요
ㅌㅅ 생각하고 있어요
진짜 하실분 연락처 교환해서 연락합시당
디엠 주세요
2",https://twitter.com/mi1oooooo/status/1579512826238230528,2022-10-10,16:42:58,ㄷㅂㅈㅅ,0
pineapple can,@1994_MAY_FIRST,"선다운치퍼는... 애기야 나는 너를 많이 사랑하고 있어 내사랑을 의심하지 마. 하고 ㄷㅂㅈㅅ하는거 보고싶음
3",https://twitter.com/1994_MAY_FIRST/status/1579292145537589248,2022-10-10,2:06:03,ㄷㅂㅈㅅ,0
왤케힘드냐,@minjung69906889,"ㄷㅂㅈㅅ 구해요 홍천
4
1",https://twitter.com/minjung69906889/status/1580663022766301184,2022-10-13,20:53:26,ㄷㅂㅈㅅ,홍천
kkkka,@kkkka71802469,"ㄷㅂㅈㅅ
경기도입니다
자차 보유입니다
간절합니다..ㅜㅜ
4
1",https://twitter.com/kkkka71802469/status/1580531034181206016,2022-10-13,12:08:58,ㄷㅂㅈㅅ,경기도
고토옹,@gotoong,"ㄷㅂㅈㅅ
조완철 부계정입니다
좋아요
@v0PPfeUBsuc49AP
·
5월 24일
당장   서울
1",https://twitter.com/gotoong/status/1580465126104498176,2022-10-13,7:47:04,ㄷㅂㅈㅅ,서울
고토옹,@gotoong,"ㄷㅂㅈㅅ
10월말 에서 늦어도 11월중순 예정
순간에 감정으로 하시는거라면
한두달 더 생각해보시길 권장합니다
계획은 ㅂㄱㅌ입니다
ㅌㄹ그램으로 연락주세요
Awds0
2",https://twitter.com/gotoong/status/1580498793728208902,2022-10-13,10:00:51,ㄷㅂㅈㅅ,0
얼,@Earl_0309,"렛고 가사 지금 처음보는데 개슬프다 (ㄷㅂㅈㅅ
1",https://twitter.com/Earl_0309/status/1580828204352565249,2022-10-14,7:49:48,ㄷㅂㅈㅅ,0
지친다,@inyeon94288199,"자기자신에게 묻고 묻고 
결정이되었다면 ㄷㅂㅈㅅ
텔레주세요 v5059
1",https://twitter.com/inyeon94288199/status/1581189867136233472,2022-10-15,7:46:56,ㄷㅂㅈㅅ,0
qtq,@qtq5500,ㄷㅂㅈㅅ 한다 그래도 사실 팔로우 목록보면 다 보임;;,https://twitter.com/qtq5500/status/1581317463945277440,2022-10-15,16:13:57,ㄷㅂㅈㅅ,0
죽고싶다,@YzFeca8,"ㄷㅂㅈㅅ 안구합니다 그냥 소소한 얘기 나눠

실분 찾아요
1
1",https://twitter.com/YzFeca8/status/1581261871880937472,2022-10-15,12:33:03,ㄷㅂㅈㅅ,0
지친다,@inyeon94288199,"오늘바로 지금당장 충동적인사람은 연락말아주세요
ㄷㅂㅈㅅ
텔레주세요 v5059
1",https://twitter.com/inyeon94288199/status/1581190264726900737,2022-10-15,7:48:30,ㄷㅂㅈㅅ,0
왤케힘드냐,@minjung69906889,"ㄷㅂㅈㅅ구해요 
오늘당장 경기권
6
1",https://twitter.com/minjung69906889/status/1581651092512788481,2022-10-16,14:19:40,ㄷㅂㅈㅅ,경기도
어우야,@yesgil12,"ㄷㅂㅈㅅ 오늘 저녁에 ㅂㄱㅌ로 같이 가실분..ㅅㅁㅈ는 필수에요. 천안
3
1",https://twitter.com/yesgil12/status/1581785868049977344,2022-10-16,23:15:13,ㄷㅂㅈㅅ,천안
ㄷㅂㅈㅅ,@k_jihun11,"ㄷㅂㅈㅅ 구해요

자차잇습니다
4
1",https://twitter.com/k_jihun11/status/1581633233908703233,2022-10-16,13:08:42,ㄷㅂㅈㅅ,0
Jin Le,@JinLe84827805,"ㄷㅂㅈㅅ 창원 연락주세요 한분만 아무나 상관없어요 오늘갈ㅌ이랑착화ㅌ 
삿습니다
3
1",https://twitter.com/JinLe84827805/status/1581895803542519808,2022-10-17,6:32:04,ㄷㅂㅈㅅ,창원
rmakamski,@rmakamski,"같이 마무리할사람 찾는데 이렇게 힘들줄은 몰랐습니다. 정말 방법같은거 안따지고 오로지 죽음에만 목적인분 안계실까요..ㄷㅂㅈㅅ
5",https://twitter.com/rmakamski/status/1582209560592674816,2022-10-18,3:18:49,ㄷㅂㅈㅅ,0
김이슬,@is_seul_,"살고싶은 생각 1도없고~
ㄷㅂㅈㅅ
3
1
1",https://twitter.com/is_seul_/status/1582395893935849473,2022-10-18,15:39:15,ㄷㅂㅈㅅ,0
이주완,@ijuwan12,"너무 힘들고 다 포기했어요
ㄷㅂㅈㅅ 빠르게 구해요
1
1",https://twitter.com/ijuwan12/status/1582462821668749314,2022-10-18,20:05:12,ㄷㅂㅈㅅ,0
죽고싶다,@YzFeca8,ㄷㅂㅈㅅ 구합니다,https://twitter.com/YzFeca8/status/1582319270712598528,2022-10-18,10:34:46,ㄷㅂㅈㅅ,0
fffucckk,@low1206,ㄷㅂㅈㅅ 준비물 있으신분 구해요,https://twitter.com/low1206/status/1582800471659421697,2022-10-19,18:26:54,ㄷㅂㅈㅅ,0
¹?,@kimamogay,ㅈㅅ ㄷㅂㅈㅅ,https://twitter.com/kimamogay/status/1582793589096349696,2022-10-19,17:59:33,ㄷㅂㅈㅅ,0
¹?,@kimamogay,ㄷㅂㅈㅅ 서울,https://twitter.com/kimamogay/status/1582686082445246464,2022-10-19,10:52:21,ㄷㅂㅈㅅ,서울
ㄷㅂㅈㅅ,@dbjs39352494,"ㄷㅂㅈㅅ
준비완
3",https://twitter.com/dbjs39352494/status/1582844856061206528,2022-10-19,21:23:16,ㄷㅂㅈㅅ,0
ㄷㅂㅈㅅ,@svShtiphizAjf9V,"개새끼들 때문에 안그래도 힘든인생 ㅈㅅ실패하고 더힘들어 뒤질거 같다
1",https://twitter.com/svShtiphizAjf9V/status/1582733352515534848,2022-10-19,14:00:11,ㄷㅂㅈㅅ,0
ㄷㅂㅈㅅ,@mgy_luv,"삶이 너무 지치고 힘듭니다
진짜 그냥 한순간의 감정에 흽쓸려서 중도에 안하겠다 혹은 잠수타실 분 말고 확실하게 계획 세워서 가실분 확고하시고 진지하신분만 제발 연락주세요……
4
2
2",https://twitter.com/mgy_luv/status/1583144881807323136,2022-10-20,17:15:27,ㄷㅂㅈㅅ,0
포에버소울트리,@ebeosoulteuli,"ㄷㅂㅈㅅ
김해나 같이 가실분 구합니다.
토요일에 갑니다
1",https://twitter.com/ebeosoulteuli/status/1583424887045386242,2022-10-21,11:48:06,ㄷㅂㅈㅅ,김해
nirvana,@yunbyeongja,"ㄷㅂㅈㅅ
같이 가실 분.. 천안
9",https://twitter.com/yunbyeongja/status/1583807020121354240,2022-10-22,13:06:33,ㄷㅂㅈㅅ,천안
ㄷㅂㅈㅅ임..,@gimsu81000320,"프로필봐주세요
2
1",https://twitter.com/gimsu81000320/status/1583850537954381826,2022-10-22,15:59:29,ㄷㅂㅈㅅ,0
ㄷㅂㅈㅅ,@kjs671,"@spMveXb7RrRIvk9
 님에게 보내는 답글
안녕하세요 살아있습니다 오랜만에 들어와보네요 
살아계시죠????답글 부탁드립니다",https://twitter.com/kjs671/status/1583846942630547458,2022-10-22,15:45:12,ㄷㅂㅈㅅ,0
ㄷㅂㅈㅅ,@kjs671,"@falcon116k
 님에게 보내는 답글
잘지내세요? 이제서야 봤습니다 살아계시죠?ㅜㅜ",https://twitter.com/kjs671/status/1583847238127607814,2022-10-22,15:46:22,ㄷㅂㅈㅅ,0
한정원,@hanjeon77878826,"정말 살기 싫습니다
ㄷㅂㅈㅅ 하실 예정이신분 저도 껴주세요
8
1",https://twitter.com/hanjeon77878826/status/1584251276120166401,2022-10-23,18:31:52,ㄷㅂㅈㅅ,0
한정원,@hanjeon77878826,"ㄷㅂㅈㅅ 껴주세요
경기도 ㅂㅊ 입니다
1",https://twitter.com/hanjeon77878826/status/1584235154377437186,2022-10-23,17:27:49,ㄷㅂㅈㅅ,경기도
한정원,@hanjeon77878826,"정말 진지합니다
세상에 미련 없습니다
ㄷㅂㅈㅅ 껴주세요
1
1",https://twitter.com/hanjeon77878826/status/1584236548119490561,2022-10-23,17:33:21,ㄷㅂㅈㅅ,0
한정원,@hanjeon77878826,"거짓말 안하고 진짜 ㄷㅂㅈㅅ 껴주세요
1",https://twitter.com/hanjeon77878826/status/1584247860790722560,2022-10-23,18:18:18,ㄷㅂㅈㅅ,0
ㄷㅂㅈㅅ,@dbjs24907804,"@hanjeon77878826
 님에게 보내는 답글
저도요
1",https://twitter.com/dbjs24907804/status/1584240419952394241,2022-10-23,17:48:44,ㄷㅂㅈㅅ,0
ㄷㅂㅈㅅ,@dbjs24907804,"@mungyoyeong
 님에게 보내는 답글
저도 청주 인데
1
1",https://twitter.com/dbjs24907804/status/1584240799314628608,2022-10-23,17:50:14,ㄷㅂㅈㅅ,청주
.,@dhdjfffffff,"ㄷㅂㅈㅅ 할 사람 장난 말고 변태 말고 그냥 생각 있는 사람만 쪽지 ㄱ
13
2
2",https://twitter.com/dhdjfffffff/status/1584522185854812160,2022-10-24,12:28:22,ㄷㅂㅈㅅ,0
M Miss,@MMiss07624133,"ㄷㅂㅈㅅ가지고 장난치는것들..
너네가 절실한순간 똑같이당해봐^^
그때가서 누굴원망하냐ㅋㅋㅋㅋ
너네가 쌓은 악 똑같이 악으로
되돌아쳐맞고 비참하게 최후를맞어
그누구도없이 외롭게 찌질하게
1
1",https://twitter.com/MMiss07624133/status/1584595754928070656,2022-10-24,17:20:42,ㄷㅂㅈㅅ,0
나쁜놈,@nappeunnom8,"인생이 너무 힘들고 지치고 가족들에게도 너무 미안해서 살수가 없을거 같네요 죽고싶다는 생각만 벌써 3일째에 더이상 버틸수가 없네요 ㄷㅂㅈㅅ 하면 좀 나으려나요…
1",https://twitter.com/nappeunnom8/status/1584398309048786945,2022-10-24,4:16:08,ㄷㅂㅈㅅ,0
안녕세상아,@annyeongsesang,"부천 ㄷㅂㅈㅅ 껴주세요
부탁 드립니다
1",https://twitter.com/annyeongsesang/status/1584368338008178688,2022-10-24,2:17:02,ㄷㅂㅈㅅ,부천
안녕세상아,@annyeongsesang,"진짜 부탁 드립니다
쪽지 어떻게 보내는건지도 모르겠어요
하루 하루가 너무 지옥입니다
정말 가고싶습니다
ㄷㅂㅈㅅ 예정이신분 저도 껴주세요 홍천입니다
2",https://twitter.com/annyeongsesang/status/1584375358882983936,2022-10-24,2:44:56,ㄷㅂㅈㅅ,홍천
김정욱,@gimjeon70530853,"ㄷㅂㅈㅅ.ㅈㅅ 방법좀 가르쳐 줘봐요
1",https://twitter.com/gimjeon70530853/status/1584809684074082307,2022-10-25,7:30:47,ㄷㅂㅈㅅ,0
ㄷㅂㅈㅅ,@b38740202,대구입니다. 장난x,https://twitter.com/b38740202/status/1584709708195467264,2022-10-25,0:53:31,ㄷㅂㅈㅅ,대구
ㄷㅂㅈㅅ,@dbjs15889758,"@6G8ZDaZflmvU80P
 님에게 보내는 답글
디엠 열어주세요",https://twitter.com/dbjs15889758/status/1584892341344948224,2022-10-25,12:59:14,ㄷㅂㅈㅅ,0
안녕,@eynkNQ8zfmxs0Y5,"ㄷㅂㅈㅅ
대책없는 인간들 많네
1",https://twitter.com/eynkNQ8zfmxs0Y5/status/1345576968725544962,2021-01-03,3:45:23,ㄷㅂㅈㅅ,0
안녕,@eynkNQ8zfmxs0Y5,"ㄷㅂㅈㅅ
가더라도 양심은 있어야지!
아무리 힘들어도 준비된것이 없으면 니가와야지 내가가냐?
그리고 차비는 뭐냐?
나도 없어서 갈 생각만하고 있는데 차비달라고..
지금 나도 궁지에 몰려서 떠나려고 추운 날ㅆ이에 시동도 안걸고 있다.
양심좀 가지고 가자
1",https://twitter.com/eynkNQ8zfmxs0Y5/status/1346857469985734657,2021-01-06,16:33:38,ㄷㅂㅈㅅ,0
박준,@lEvcLdYv0gbASLS,"ㄷㅂㅈㅅ글 보니까 다힘드신분들 밖에 없네요 혹시 고민있거나 도움을 받고 싶으면 디엠보내주세요 제가 최대한 도와드리께요
3
1",https://twitter.com/lEvcLdYv0gbASLS/status/1352207569771642881,2021-01-21,10:53:02,ㄷㅂㅈㅅ,0
동반자살,@jLXqS2Eag2MGeE6,"#ㄷㅂㅈㅅ 

개 역겹다 진짜 
사는거 진짜 ;
지겨워 하 ..
태어나지 말았어야했는데 왜 내가 이고생이지;
10
1
6",https://twitter.com/jLXqS2Eag2MGeE6/status/1355157146699091970,2021-01-29,14:13:36,ㄷㅂㅈㅅ,0
죽고싶다,@YzFeca8,"ㄷㅂㅈㅅ 안합니다 그냥 얘기나

하실분 쪽지주세요
1
2",https://twitter.com/YzFeca8/status/1361985289552494593,2021-02-17,10:26:12,ㄷㅂㅈㅅ,0
막막하다,@n2LrzrNwptuMPe5,"잠시 멈춰서 쉬고싶다..나락으로 떨어지는 내자신이 한심하면서도 겁도나고..이러지도 저러지도 못하는 내자신이 한없이 작아지는 하루네요..ㄷㅂㅈㅅ 은 또다른 타인에게 주는 악순환이자 인생의 탈출구가 아닌 큰 죄임을 알기에 혼자 가는게 맞겠지요...대화 나 할까요?
3
2
2",https://twitter.com/n2LrzrNwptuMPe5/status/1363082736081240067,2021-02-20,11:07:03,ㄷㅂㅈㅅ,0
문지혜,@bl4yf4cQcXK9Kvi,"ㄷㅂㅈㅅ
2
1",https://twitter.com/bl4yf4cQcXK9Kvi/status/1365547270658093058,2021-02-27,6:20:14,ㄷㅂㅈㅅ,0
안태준,@nkkGpwb8ZzEzaPH,"ㄷㅂㅈㅅ
오늘따라 많이 힘들다.
살아보려고 해도 답도 없고 집에 들어갈 엄두고 못내고..
딸아이 케익이라도 하나 사주려고 용역나갔지만 일 도 없어서 아침부터 방황을 하고있다.
너희는 나보다 상황좋잖아
뭐가 문제니 그냥 살아라.
난 아이 볼 면목이 없어서 ㅡㅡ
4
1",https://twitter.com/nkkGpwb8ZzEzaPH/status/1372869509955026948,2021-03-19,11:16:12,ㄷㅂㅈㅅ,0
아카,@aka111qqq,"ㄷㅂㅈㅅ 구하기도 어렵다,,,,
2",https://twitter.com/aka111qqq/status/1384450642421248003,2021-04-20,10:15:29,ㄷㅂㅈㅅ,0
MeUKI,@rankabin,ㄷㅂㅈㅅ하자고 어떤남자가 디엠함,https://twitter.com/rankabin/status/1411407783535144960,2021-07-03,19:33:32,ㄷㅂㅈㅅ,0
공백,@sbrm102,"하..요즘 살기 좆같아질때마다
트친이 같이 ㄷㅂㅈㅅ 하자할때 같이할걸그랫나 싶어짐 ㅅㅂ ...
지금이 딱그래
1",https://twitter.com/sbrm102/status/1412063578253713423,2021-07-05,14:59:26,ㄷㅂㅈㅅ,0
간디!!,@_GandiBaby,"@chobin__324
 님에게 보내는 답글
님ㄷㅂㅈㅅ하실레여
1
1",https://twitter.com/_GandiBaby/status/1415256113587515397,2021-07-14,10:25:26,ㄷㅂㅈㅅ,0
난난,@2021_NAN,"@kim_name_name_
 님과 
@name_name_19
 님에게 보내는 답글
나도 ㄷㅂㅈㅅ할거야
1
1",https://twitter.com/2021_NAN/status/1424167032463921155,2021-08-08,0:34:14,ㄷㅂㅈㅅ,0
메인트 알티 _괴이 (톰야 굿즈 양도중),@TOMOYA_JSN,"@11_1An_
 님에게 보내는 답글
ㄷㅂㅈㅅ ㄱ?
1
1",https://twitter.com/TOMOYA_JSN/status/1432712686027091973,2021-08-31,14:31:37,ㄷㅂㅈㅅ,0
.,@vvvvi78,"@daisukinax
 님에게 보내는 답글
ㄷㅂㅈㅅ할 사람 구하려고
1",https://twitter.com/vvvvi78/status/1436755598700208135,2021-09-11,18:16:43,ㄷㅂㅈㅅ,0
나쵸 계이한다,@youwill_love_me,"@Not_trettle_bot
 님에게 보내는 답글
ㅈㅅ 저 수능망하면 동갑친구랑 같이 ㄷㅂㅈㅅ하기로 햇어요
1
2",https://twitter.com/youwill_love_me/status/1446808650262011910,2021-10-09,12:03:57,ㄷㅂㅈㅅ,0
귀욤녀,@9u9o9u9o,"걍 욤녀랑 ㄷㅂㅈㅅ 하실분ㅋㅋㅋㄹㅇ
1",https://twitter.com/9u9o9u9o/status/1450834317765066756,2021-10-20,14:40:31,ㄷㅂㅈㅅ,0
ㄷㅂㅈㅅ,@dbjs34411220,"ㄷㅂㅈㅅ 
서울
픽업가능하신분으로 구합니다",https://twitter.com/dbjs34411220/status/1452979970179960833,2021-10-26,12:46:34,ㄷㅂㅈㅅ,서울
ㄱㅅㅂㄷ,@eIVrJXNjH0u,"@alxlrpTek
 님에게 보내는 답글
ㄷㅂㅈㅅ 생각 있습니다
Dm주세여
2",https://twitter.com/eIVrJXNjH0u/status/1458259669147738112,2021-11-10,2:26:12,ㄷㅂㅈㅅ,0
ㄷㅂㅈㅅ원주민,@Lluviarain77,"ㄷㅂㅈㅅ 믿음주려고 전번주면서 장난치는 사람도 있어요.
2",https://twitter.com/Lluviarain77/status/1463275266239725568,2021-11-23,22:36:24,ㄷㅂㅈㅅ,0
jk1000,@jk100017,"@OZM6NLiVdSB3nsa
 님에게 보내는 답글
저기 일단 대화로 넘어갔움 하는데 ㄷㅂㅈㅅ도 상관없거든요 방법은 알고 있어요
2
3",https://twitter.com/jk100017/status/1464665142356889600,2021-11-27,18:39:16,ㄷㅂㅈㅅ,0
죽여주세요,@yeojuseyo,"예전에는 ㄷㅂㅈㅅ 초성 아닌 해시태그로 써도 정지 잘 안 먹었는데 이제는 트위터 쪽에서도 되게 철저하게 관리 하는 듯ㅋㅋㅋ 태어난 것도 원하지 않아서 태어났는데 죽는 거 만큼은 마음대로 해주면 안 되냐?
2",https://twitter.com/yeojuseyo/status/1465670730276696064,2021-11-30,13:15:07,ㄷㅂㅈㅅ,0
윤인도,@indo_yun,"@lsd250mg
 님에게 보내는 답글
혹시 ㄷㅂㅈㅅ 가능할까요 진짜 간절한데
3",https://twitter.com/indo_yun/status/1466939415226642434,2021-12-04,1:16:25,ㄷㅂㅈㅅ,0
gl,@J70562708,"ㄷㅂㅈㅅ
2
2",https://twitter.com/J70562708/status/1468397094180245509,2021-12-08,1:48:43,ㄷㅂㅈㅅ,0
만병통치약,@nayanaya7777,"ㄷㅂㅈㅅ
이새뀌들 관종들인가 죽는대 멀 그리 따지고 디엠 보내도 답도 없는것들이
대부분이냐..남여노소 연령이 뭐가 중요 한지.. 그냥 죽고 싶지 않고 힘드니까 나좀 봐달라고 하는거면 병원 가봐라.뒤질놈은 물불 안가린다. 난 준비 완료.
4
2",https://twitter.com/nayanaya7777/status/1469298054243426309,2021-12-10,13:28:49,ㄷㅂㅈㅅ,0
rododod,@rododod7,"ㄷㅂㅈㅅ
2",https://twitter.com/rododod7/status/1474065683051061250,2021-12-23,17:13:40,ㄷㅂㅈㅅ,0
휴식,@xLGe5EL5ebUwIeq,"ㄷㅂㅈㅅ…
의지는 있지만 아떻게 해야할지 모르겠네요.
4
2",https://twitter.com/xLGe5EL5ebUwIeq/status/1474376317756149760,2021-12-24,13:48:01,ㄷㅂㅈㅅ,0
머니,@jeongmi94135187,"ㄷㅂㅈㅅ
죽기도 싶지가않네.
어떻게 해야할까
3",https://twitter.com/jeongmi94135187/status/1475738074982514689,2021-12-28,7:59:09,ㄷㅂㅈㅅ,0
위로,@gonimogo,"괜찮아졌다고 컨트롤하는 힘도 생긴 거 같다고 병원 한달에 한번 가는데 나는 또 우울한 노래 들으면서 ㄷㅂㅈㅅ 검색하고 있다
1
2",https://twitter.com/gonimogo/status/1476643713736921088,2021-12-30,19:57:50,ㄷㅂㅈㅅ,0
ㄷㅂㅈㅅ,@hyeohyeon1,"혹시 ㅂㄱㅌ이나 숯으로 실패하신 사유 좀 알려주실 수 았나요
1",https://twitter.com/hyeohyeon1/status/1485113514436218884,2022-01-23,4:53:48,ㅂㄱㅌ,0
삶과 부딪쳐 끝까지 싸워 이기리라,@ksmatcobra,"죽는게 쉽지많은 않다 뜻대로쉽게 갈 수만 있다면 좋으련만 ㅂㄱㅌ 도 실패 확율도 높고 ㅌㅅ도 고민 중인데 하루하루가
무덤덤하다",https://twitter.com/ksmatcobra/status/1487743943643398146,2022-01-30,11:06:11,ㅂㄱㅌ,0
삶과 부딪쳐 끝까지 싸워 이기리라,@ksmatcobra,"@k_jihun11
 님에게 보내는 답글
차에서 ㅂㄱㅌ 몇개로 하셨나요.?",https://twitter.com/ksmatcobra/status/1489611573320908803,2022-02-04,14:47:29,ㅂㄱㅌ,0
룰루,@lullu38500645,부산ㄷㅂ구함 ㅂㄱㅌ 경험자구함 DM주세요,https://twitter.com/lullu38500645/status/1496842925912641536,2022-02-24,13:42:18,ㅂㄱㅌ,부산
안녕하세요,@annyong55971642,"@kr3836
 님에게 보내는 답글
ㅂㄱㅌ인가요 ㅈㅅ인가요?",https://twitter.com/annyong55971642/status/1505140345851457537,2022-03-19,11:13:17,ㅂㄱㅌ,0
レル,@_Analchemist,"#ㅂㄱㅌ
@3y_6q
 

(엄청 비) 싸게 팔아요
(맞팔 되자마자 판매해드리기.)
1
3",https://twitter.com/_Analchemist/status/1507354416353263617,2022-03-25,13:51:12,ㅂㄱㅌ,0
정아,@jeonga66645641,"안녕하세여. 확고하고 저도 경기도 입니다
준비가 혹시 ㅂㄱㅌ 인가여?",https://twitter.com/jeonga66645641/status/1517734619768324096,2022-04-23,5:18:26,ㅂㄱㅌ,경기
키킷,@heroess_,ㅂㄱㅌ 결국 우리만 열불내고 화내도 달라지는건 없는거야? ㅋㅋㅋㅋㅋㅋㅋㅋㅋㅋㅋ 서럽다 서러워 ㄹㅇ,https://twitter.com/heroess_/status/1528533028758204416,2022-05-23,0:27:27,ㅂㄱㅌ,0
..,@j6rWzxE095arPH3,"ㄷㅂㅈㅅ
소주한병원샷하고 ㅌㅅ할려고했는데 실패 차에서 ㅂㄱㅌ했는데 못버텨서실패
ㅅㅁㅈ있으신분 자차있습니다. 
차에서 ㅅㅁㅈ먹고 ㅂㄱㅌ으로 확실하게가실분 세상빨리뜨고싶습니다.
33살남자입니다 ㅅㅇㅈ
4
2",https://twitter.com/j6rWzxE095arPH3/status/1534552199606415360,2022-06-08,15:05:29,ㅂㄱㅌ,0
마지막,@majimag30554800,"ㄷㅂㅈㅅ
ㅅㅁㅈ,ㅈㅅ,ㅂㄱㅌ있음
차있음 근처만 학생 ㄴㄴ
11
3",https://twitter.com/majimag30554800/status/1537971814701207556,2022-06-18,1:33:49,ㅂㄱㅌ,0
ㅁㅈㅁ,@majimack,"차있으신 분이나 자취하는 분 ㅂㄱㅌ희망합니다
1",https://twitter.com/majimack/status/1539936003783557120,2022-06-23,11:38:48,ㅂㄱㅌ,0
염소똥,@monster_V_,"@ttaengji4
 님에게 보내는 답글
ㅂㄱㅌ 피우십쇼 전 지금 중고차 알아보는중요",https://twitter.com/monster_V_/status/1551030011280633856,2022-07-24,2:22:26,ㅂㄱㅌ,0
짭짤해,@jjabjjalhae,"#동반자살구함 
경기도파주 ㅂㄱㅌ자살할사람",https://twitter.com/jjabjjalhae/status/1554735431811743746,2022-08-03,7:46:27,ㅂㄱㅌ,파주
지아호,@jji___ho,"ㄷㅂㅈㅅ 구해요  
공간 있고 차 있고 ㅂㄱㅌ 만 준비해뒀어요.. 같이 오늘 도란도란 얘기 나누다가 가실 분 바로 구합니다 장소는 홍천입니다
6",https://twitter.com/jji___ho/status/1557371539632189443,2022-08-10,14:21:24,ㅂㄱㅌ,홍천
트창인생 한방,@ohsibalfuckyou,"높은데서 뛰어내리고 차도에 뛰어들고 칼로 난도질을 하고 물묻은 젓가락으로 콘센트 찌르고 수면제 잔득 모아서 한번에 먹고 ㅂㄱㅌ사서 밀폐된곳에 피우고 목메달고 바다에 빠져드는 그런상상
2",https://twitter.com/ohsibalfuckyou/status/1560271635659182080,2022-08-18,14:25:21,ㅂㄱㅌ,0
대전꾸러기,@isangyo37704625,"ㄷㅂㅈㅅ하실분있을까요 혼자는 용기가 안나네요.. 소주와 ㅂㄱㅌ 준비되있어요.. 옥천 가능합니다
3",https://twitter.com/isangyo37704625/status/1560949882793623553,2022-08-20,11:20:27,ㅂㄱㅌ,옥천
개미,@gaemi86102518,"ㅂㄱㅌ 쉬워보이니까
전부 ㅂㄱㅌ 구하는건가ㅋ
후유증? 반병신? 말하는 사람들
시도도 안해봣다에 내목검
시도햇다해도 끽해야 10초 버텻을라나
토치로 ㅂㄱㅌ 피우자마자 버틸 수 없는
연기 나오는게 ㅂㄱㅌ인데ㅋ
그리구 후유증 없다ㅋ ㅇㅌ이 후유증 잇지
ㅂㄱㅌ은 어지러움 못아픔 정도?
ㄷㅂㅈㅅ",https://twitter.com/gaemi86102518/status/1563277121627496448,2022-08-26,21:28:04,ㅂㄱㅌ,0
준,@somyeong16,"ㄷㅂㅈㅅ하실분 계실까요 장소만 구해주시면됩니다.
ㅂㄱㅌ할 예정이고요
2",https://twitter.com/somyeong16/status/1563393937427304448,2022-08-27,5:12:15,ㅂㄱㅌ,0
준,@somyeong16,"같이갈분 없으면 혼자라도 갈렵니다 ㄷㅂㅈㅅ
ㅂㄱㅌ재료 다있습니다.장소만 구해요
5",https://twitter.com/somyeong16/status/1563779288209686528,2022-08-28,6:43:30,ㅂㄱㅌ,0
준,@somyeong16,"ㄷㅂㅈㅅ
ㅂㄱㅌ 실패가능성있다고 답글 다신분 있으시던데
그럼 확실한 방법 말해달라 여쭤보니까 바로 답글 지우시고 가셨네요 ㅋ
ㅂㄱㅌ 실패가능성 있고 제가 아는 지인도 ㅂㄱㅌ으로 갔습니다. 그쪽은 못버티시고 살고싶어서 실패되신거겠죠. 본인 실패한걸 남한테 실패가능성있다 말하지마세요
8
2
4",https://twitter.com/somyeong16/status/1563898305478037509,2022-08-28,14:36:26,ㅂㄱㅌ,0
개미,@gaemi86102518,"ㅂㄱㅌ이나 ㅇㅌ은 ㅅㅁㅈ 모으고
ㄷㅂㅈㅅ끼리 준비물 사고
ㅅㅁㅈ 의존으로 서로 같이 한다 쳐도
ㅌㅅ이면 이해라도 하겟는데
목매는데 왜 구하는거지 .. 흠..
아직까지 살아잇는 나도
이해가 안가긴 하네
2",https://twitter.com/gaemi86102518/status/1564554281688399872,2022-08-30,10:03:03,ㅂㄱㅌ,0
이상용,@isangyo21351856,"대전지역 ㄷㅂㅈㅅ 구합니다 소주 ㅂㄱㅌ 준비되어잇어요 디엠이나 답글달아주세요
1",https://twitter.com/isangyo21351856/status/1565603253341270016,2022-09-02,7:31:17,ㅂㄱㅌ,대전
ㄷㄷㄷㄷ,@dddd57327301,"ㄷㅂㅈㅅ
이번 추석에 가실분 구합니다
다들 연락만 되고 잠수타거나 애매하네요 확실하신분 연락주세요
ㅂㄱㅌ은 생각이 없습니다
강으로 ㅌㅅ 할거에요 구조 안되는 곳으로 갈겁니다
3",https://twitter.com/dddd57327301/status/1566717444827529216,2022-09-05,9:18:41,ㅂㄱㅌ,0
ㄷㅂㅈㅅ,@dbjs39352494,질린다..  나도이러고있는게 잠자는게괴롭고 화장실가는게화나고 배가고픈것이 너무화가난다  난의욕도 삶도없는데   배는고프다고 ㅈㄹ 한다 자살시도하고 다리통증은 너무심하다..ㅂㄱㅌ은 쉽사리하지마라,https://twitter.com/dbjs39352494/status/1579147153087549440,2022-10-09,16:29:55,ㅂㄱㅌ,0
고토옹,@gotoong,"ㄷㅂㅈㅅ
10월말 에서 늦어도 11월중순 예정
순간에 감정으로 하시는거라면
한두달 더 생각해보시길 권장합니다
계획은 ㅂㄱㅌ입니다
ㅌㄹ그램으로 연락주세요
Awds0
2",https://twitter.com/gotoong/status/1580498793728208902,2022-10-13,10:00:51,ㅂㄱㅌ,0
어우야,@yesgil12,"ㄷㅂㅈㅅ 수원 오늘 저녁에 ㅂㄱㅌ로 같이 가실분..ㅅㅁㅈ는 필수에요.
3
1",https://twitter.com/yesgil12/status/1581785868049977344,2022-10-16,23:15:13,ㅂㄱㅌ,수원
조완철,@jggxxcgh4,"@yunbyeongja
 님에게 보내는 답글
ㅂㄱㅌ소용없어요",https://twitter.com/jggxxcgh4/status/1582662342315503617,2022-10-19,9:18:01,ㅂㄱㅌ,0
나쁜놈,@nappeunnom8,ㅂㄱㅌ 으로 하면 한번에 ㅈㅅ 할수 있을까요?,https://twitter.com/nappeunnom8/status/1584406292038156290,2022-10-24,4:47:51,ㅂㄱㅌ,0
ㄷㅂㅈㅅ,@AJ8agtBn2l5LJxv,"ㅂㄱㅌ이든 ㅈㅅ든 방법 확실한분 디엠 부탁드립니다.. 저도 함께 껴주세요
4
1",https://twitter.com/AJ8agtBn2l5LJxv/status/1349540297403822082,2021-01-14,2:14:14,ㅂㄱㅌ,0
heeeell,@CWnEGxCXaYWhQsY,ㅂㄱㅌ이 더 나은데..실패할까봐..방법도 자세히 모르고..,https://twitter.com/CWnEGxCXaYWhQsY/status/1360544835174682627,2021-02-13,11:02:21,ㅂㄱㅌ,0
쿠엘,@quelarity,"ㅂㄱㅌ은 고통스럽구나... 선택하지 않아서 다행이다
1",https://twitter.com/quelarity/status/1362025724530421768,2021-02-17,13:06:52,ㅂㄱㅌ,0
둥둥이아빠,@iUdpw1sZytFmMsR,"@GKoQXiHZghc7GXN
 님에게 보내는 답글
ㅂㄱㅌ 믿지마셈 어제 두개 태우고 잠들었는데 머리만 아프고 속만 아프고 정작 죽진 않음",https://twitter.com/iUdpw1sZytFmMsR/status/1363814436889272328,2021-02-22,11:34:34,ㅂㄱㅌ,0
한상우,@7QNGYglLjoCYE40,"동반자 구해요. ㅅㅁㅈ , ㅂㄱㅌ 
20대 . 현재 위치 서울 입니다.
1",https://twitter.com/7QNGYglLjoCYE40/status/1414471030777675784,2021-07-12,6:25:47,ㅂㄱㅌ,서울
한상우,@7QNGYglLjoCYE40,"동반자 구합니다. 지역은 서울
ㅅㅁㅈ ㅂㄱㅌ ㅇㅌ 편하게 디엠 카톡 주세요
3
1",https://twitter.com/7QNGYglLjoCYE40/status/1414499752637386756,2021-07-12,8:19:55,ㅂㄱㅌ,서울
하루하루,@xR0PN0NFL4pWKwR,"@DUOTHdeath
 님에게 보내는 답글
님  디엠좀 저에게 보내주세요 ㅂㄱㅌ으로는 실패가능성이 높습니다
1",https://twitter.com/xR0PN0NFL4pWKwR/status/1467742980962684928,2021-12-06,6:29:30,ㅂㄱㅌ,0
KBJ,@KBJ57386847,"@gimmina08484617
 님에게 보내는 답글
차.ㅂㄱㅌ,술 완료.디엠주실분ㄱ
2",https://twitter.com/KBJ57386847/status/1469927840439468042,2021-12-12,7:11:21,ㅂㄱㅌ,0
지치고힘든..,@jichigohimdeun,"살기 너무 싫어서 그냥 ㅈㅅ하고싶은데 
혼자는 힘들거같아 ㄷㅂㅈㅅ하려해도 
재료구하기가 참..힘드네 
ㅅㅁㅈ 사기만 몇번을 당하는지 진짜 너무들하네
2
1",https://twitter.com/jichigohimdeun/status/1485863211677093888,2022-01-25,6:32:50,ㅅㅁㅈ,0
ㄷㅂㅈㅅ,@berry9347,"인천 ㅅㅁㅈ 구해요
2",https://twitter.com/berry9347/status/1490605478917054468,2022-02-07,8:36:54,ㅅㅁㅈ,인천
ㄷㅂㅈㅅ,@dbjs41669697,"확고하신분 
ㅅㅁㅈo 성별x 지역x 
같이가실분만 
디엠이나
텔레그램 qaz1296 
확 고 한 분 만",https://twitter.com/dbjs41669697/status/1495217942006419456,2022-02-20,2:05:11,ㅅㅁㅈ,0
ㅇ,@mnmXqLXcumheUvG,"@nmxzwqop
 님에게 보내는 답글
ㄷㅂㅈㅅ 자체가 성공확률이 낮겠죠 ㄱㅌ ㅈㅅ ㅅㅁㅈ 먹어도 뛰쳐나올걸요 더군다나 정상적인사람도 없는데
1
2",https://twitter.com/mnmXqLXcumheUvG/status/1500159959207919616,2022-03-05,17:23:00,ㅅㅁㅈ,0
김용,@gimyong18012230,"@dbjs89359208
 님에게 보내는 답글
ㅅㅁㅈ 몇알이 있어야하나요?",https://twitter.com/gimyong18012230/status/1505806623964790788,2022-03-21,7:20:50,ㅅㅁㅈ,0
요링겔,@You_Yoringel,샹ㅋㅋㅋ내가 하도 ㅅㅁㅈ 언급했더니 판매디엠 자주와... 안사요....홧김이었다구요,https://twitter.com/You_Yoringel/status/1511756748641947648,2022-04-06,17:24:30,ㅅㅁㅈ,0
또뜨,@SLSLN3,"그냥 ㅅㅁㅈ만 먹으면서 잠만 자고싶어
깨있는게 너무 고통이야
허기짐도 자괴감도 아무것도 안느끼고 싶어
1",https://twitter.com/SLSLN3/status/1515942159442071553,2022-04-18,6:35:50,ㅅㅁㅈ,0
오오올,@oool58435618,"@t19896095
 님에게 보내는 답글
ㅅㅁㅈ 만있는데어렵겠죠",https://twitter.com/oool58435618/status/1518161476074106880,2022-04-24,9:34:36,ㅅㅁㅈ,0
용석,@dragon_stone__,ㅅㅁㅈ는 못구해서 음주조금 하고했어요,https://twitter.com/dragon_stone__/status/1519484098116349954,2022-04-28,1:10:14,ㅅㅁㅈ,0
.,@iyuli11909410,"@dbjs30111078
 님에게 보내는 답글
ㅅㅁㅈ 있으신가여
1
1",https://twitter.com/iyuli11909410/status/1520335623865139200,2022-04-30,9:33:53,ㅅㅁㅈ,0
김,@MFNkdMTE32FKmaZ,"ㅅㅁㅈ 양이 쫌 많아서 한분 더 모시는거니까 의심하지 마시고 왠만하면 남성분들이면 좋겠습니다
1",https://twitter.com/MFNkdMTE32FKmaZ/status/1521227351446929408,2022-05-02,20:37:18,ㅅㅁㅈ,0
김백호,@gimbaegho5,"@q8nh7pngbf
 님에게 보내는 답글
디엠좀 주세요 ㅅㅁㅈ 구입하고싶어요",https://twitter.com/gimbaegho5/status/1523169211333308417,2022-05-08,5:13:33,ㅅㅁㅈ,0
50 tuvan,@5Tuvan,"@bhujnhy7
 님에게 보내는 답글
ㅅㅁㅈ 있습니다",https://twitter.com/5Tuvan/status/1526146495560314880,2022-05-16,10:24:13,ㅅㅁㅈ,0
50 tuvan,@5Tuvan,"@aoodf123
 님에게 보내는 답글
ㅅㅁㅈ 있음 연락주세요",https://twitter.com/5Tuvan/status/1526220571876261889,2022-05-16,15:18:34,ㅅㅁㅈ,0
50 tuvan,@5Tuvan,"@aoodf123
 님에게 보내는 답글
디엠 풀고 디엠주세요 ㅅㅁㅈ 있어요",https://twitter.com/5Tuvan/status/1526268715293061120,2022-05-16,18:29:53,ㅅㅁㅈ,0
.,@zzz06961318,"ㅅㅁㅈ 파시는 분 연락 주세요
1",https://twitter.com/zzz06961318/status/1527779828300382208,2022-05-20,22:34:30,ㅅㅁㅈ,0
ㅇㅇㅇㅇ,@yuheebang,"@gangvogo
 님에게 보내는 답글
이제 열심히 사시나요?? 아니면 ㅅㅁㅈ있어요. 연락주세요",https://twitter.com/yuheebang/status/1528069302695653376,2022-05-21,17:44:46,ㅅㅁㅈ,0
ㅇㅇㅇㅇ,@yuheebang,"@rohallmi
 님에게 보내는 답글
저요. 준비물 다 있으신가요?? 전 ㅅㅁㅈ는 있어요
1",https://twitter.com/yuheebang/status/1528023521934200833,2022-05-21,14:42:51,ㅅㅁㅈ,0
꾸??,@_6daren,"@sori12411451
 님에게 보내는 답글
ㅋㅋㅋㅋㅋㅋㅋㅋㅋㅋㅋㅋ진짜ㅜㅜㅠ 근데 제가 만약 ㅅㅁㅈ이면 좀 눈돌아갔을것같긴합니다ㅜㅜㅜㅜ 그래도 저시키는 못된시키에요..
1",https://twitter.com/_6daren/status/1528502202712657920,2022-05-22,22:24:57,ㅅㅁㅈ,0
병신호로잽이컴퍼니ceo,@au07004953,"ㄷㅂㅈㅅ은 알겠는데 ㅅㅁㅈ는뭐야
1",https://twitter.com/au07004953/status/1529442470266028032,2022-05-25,12:41:15,ㅅㅁㅈ,0
슈퍼땅콩,@imhongbin7,저는ㅅㅁㅈ없어요 함께 해도 된다면 하고싶어요 춘천입니다,https://twitter.com/imhongbin7/status/1530017287499321344,2022-05-27,2:45:22,ㅅㅁㅈ,춘천
..,@j6rWzxE095arPH3,"ㄷㅂㅈㅅ
소주한병원샷하고 ㅌㅅ할려고했는데 실패 차에서 ㅂㄱㅌ했는데 못버텨서실패
ㅅㅁㅈ있으신분 자차있습니다. 
차에서 ㅅㅁㅈ먹고 ㅂㄱㅌ으로 확실하게가실분 세상빨리뜨고싶습니다.
인천 33살남자입니다 ㅅㅇㅈ
4
2",https://twitter.com/j6rWzxE095arPH3/status/1534552199606415360,2022-06-08,15:05:29,ㅅㅁㅈ,인천
..,@j6rWzxE095arPH3,"ㅅㅁㅈ 양이 쫌 많아서 한분 더 모시는거니까 의심하지 마시고 왠만하면 남성분들이면 좋겠습니다
14
1",https://twitter.com/j6rWzxE095arPH3/status/1534552309195079682,2022-06-08,15:05:55,ㅅㅁㅈ,0
이갬블렁,@igaembeulleong,"@to_fromgod
 님에게 보내는 답글
ㅅㅇㅈ처방은 아주 간단합니다. 내과나 정신과에가서 불면증 또는 답답함을 호소하면 ㅅㅁㅈ와 신경ㅇㅈㅈ를 처방해줍니다. 10분안에 나옵니다. 별로 물어보지도 않아요..금액도 의료보험되서 몇천원대..
1",https://twitter.com/igaembeulleong/status/1535403674226552833,2022-06-10,23:28:57,ㅅㅁㅈ,0
개미,@gaemi86102518,"펜션 텐트 실패하는 이유 (경험담)
펜션 - 아무리 다 쓰러져가는
펜션이여도 화재경보 필수로 달아야되서
절대 안댐 (연령층 다양하면 입주안댐)
텐트 - 암만 ㅅㅁㅈ 먹고 한다해도
무의식에 움직이고 화로 쳐버려서
몸에 화상 입을 수 잇는 피해발생
ㄷㅂㅈㅅ 쉬운줄 아는데 힘듬
1
4",https://twitter.com/gaemi86102518/status/1536542563338924033,2022-06-14,2:54:29,ㅅㅁㅈ,0
이요섭,@iyoseob4,"ㄷㅂㅈㅅ ㅅㅁㅈ 탈거임 장소는 구해야함
화성 DM요
1
1",https://twitter.com/iyoseob4/status/1537047867881164802,2022-06-15,12:22:23,ㅅㅁㅈ,화성
마지막,@majimag30554800,"ㄷㅂㅈㅅ
ㅅㅁㅈ,ㅈㅅ,ㅂㄱㅌ있음
차있음 부산 근처만 학생 ㄴㄴ
11
3",https://twitter.com/majimag30554800/status/1537971814701207556,2022-06-18,1:33:49,ㅅㅁㅈ,부산
ㅁㅈㅁ,@majimack,"ㅅㅁㅈ없어요 나눠주시면 더 좋구요 ㅠ
ㅁㅈㅁ
@majimack
·
6월 23일
차있으신 분이나 자취하는 분 ㅂㄱㅌ희망합니다
이 스레드 보기
2",https://twitter.com/majimack/status/1540374942352494592,2022-06-24,16:42:59,ㅅㅁㅈ,0
이준,@ijun53153552,"서울 ㄷㅂㅈㅅ 지금 바로할겁니다.
디엠 ㅅㅁㅈ ㅂㄱㅌㄱㄱ
1
1",https://twitter.com/ijun53153552/status/1540298537522831360,2022-06-24,11:39:23,ㅅㅁㅈ,서울
djwldifh,@djwldifh,"ㄷㅂㅈㅅ
ㅅㅌㄴㅅ(ㅅㅁㅈ) ㅍㄴㄷ",https://twitter.com/djwldifh/status/1542745016606437381,2022-07-01,5:40:49,ㅅㅁㅈ,0
지지,@jiji86601900,#ㅅㅁㅈ 구합니다 부산,https://twitter.com/jiji86601900/status/1550043073261907969,2022-07-21,9:00:41,ㅅㅁㅈ,부산
김진상,@4E2KM6OWL0SVD8W,ㄷㅂㅈㅅ 하실분 한분구합니다 남녀상관없고 지역상관없습니다 이번주내로갈거구요 차랑 ㅅㅁㅈ없습니다 있는건 어느정도준비할 돈뿐입니다 진심이신분만 디엠남겨주세요,https://twitter.com/4E2KM6OWL0SVD8W/status/1550175162917478400,2022-07-21,17:45:34,ㅅㅁㅈ,0
김진상,@4E2KM6OWL0SVD8W,"ㄷㅂㅈㅅ 하실분 한분구합니다
30대초 남입니다 남녀상관없고 지역상관없습니다 2일내로갈거구요 차랑 ㅅㅁㅈ없습니다 있는건 
어느정도준비할 돈뿐입니다 비용미련없이댈게요 사업실패 결혼생활 실패 진심이신분만 디엠남겨주세요
방법아시는분이면 더좋아요
5",https://twitter.com/4E2KM6OWL0SVD8W/status/1550211718009470976,2022-07-21,20:10:49,ㅅㅁㅈ,0
끝이보이는,@KIboineun,"@wwio2580
 님에게 보내는 답글
안녕하십니까 아무것도 없고 춘천인데 가능할까요.. ㅅㅁㅈ 가능합니다",https://twitter.com/KIboineun/status/1551804300229103616,2022-07-26,5:39:10,ㅅㅁㅈ,춘천
ㄷㅂㅈㅅ,@SinhyeongGyun,"대구 이번주에
가능 하신 분
가진건 ㅅㅁㅈ
여유자금 어느정도 있어요..
2",https://twitter.com/SinhyeongGyun/status/1553024914440876033,2022-07-29,14:29:28,ㅅㅁㅈ,대구
ㄷㅂㅈㅅ,@SinhyeongGyun,"돈하고 ㅅㅁㅈ만 있음..
1",https://twitter.com/SinhyeongGyun/status/1556106510647717890,2022-08-07,2:34:37,ㅅㅁㅈ,0
ㅎㄹ,@hl77261229,"@gyeongj30430934
 님에게 보내는 답글
ㅅㅁㅈ없으면 힘든가요",https://twitter.com/hl77261229/status/1559947292643573760,2022-08-17,16:56:31,ㅅㅁㅈ,0
kim june,@kimjune00301855,"@gwichan7
 님에게 보내는 답글
ㅅㅁㅈ ㅍㄴㄷ",https://twitter.com/kimjune00301855/status/1564298496941105152,2022-08-29,17:06:39,ㅅㅁㅈ,0
개미,@gaemi86102518,"ㅂㄱㅌ이나 ㅇㅌ은 ㅅㅁㅈ 모으고
ㄷㅂㅈㅅ끼리 준비물 사고
ㅅㅁㅈ 의존으로 서로 같이 한다 쳐도
ㅌㅅ이면 이해라도 하겟는데
목매는데 왜 구하는거지 .. 흠..
아직까지 살아잇는 나도
이해가 안가긴 하네
2",https://twitter.com/gaemi86102518/status/1564554281688399872,2022-08-30,10:03:03,ㅅㅁㅈ,0
김새로이,@eorngnsska,"ㄷㅂㅈㅅ 울산
장소있습니다
ㅅㅁㅈ가지고계신분
ㅇㅌ으로 가려합니다.
정말 장난사절합니다.
3
1",https://twitter.com/eorngnsska/status/1567615681327427584,2022-09-07,20:47:57,ㅅㅁㅈ,울산
하루살이,@Blue_skin1595,ㅅㅁㅈ 어떻게 구해?,https://twitter.com/Blue_skin1595/status/1567932900632580103,2022-09-08,17:48:28,ㅅㅁㅈ,0
dbjs,@SjhKva,"ㄷㅂㅈㅅ

 ㅅㅁㅈ 충분히 있으신분.. 디엠주세요..
1
1
2",https://twitter.com/SjhKva/status/1569345562243387392,2022-09-12,15:21:53,ㅅㅁㅈ,0
담배한모금,@720df9ed2948442,"@SjhKva
 님에게 보내는 답글
ㅅㅁㅈ 가 먼가요??",https://twitter.com/720df9ed2948442/status/1569694063334682625,2022-09-13,14:26:42,ㅅㅁㅈ,0
서승희,@seoseunghui4,"@G4LtPdz4aSFh7lU
 님에게 보내는 답글
ㅅㅁㅈ 한개로는 못자는데",https://twitter.com/seoseunghui4/status/1570155743101452289,2022-09-14,21:01:15,ㅅㅁㅈ,0
개미,@gaemi86102518,"전주 ㅅㅁㅈ 한개만
주고 가주실분??
없겟죠?
ㄷㅂㅈㅅ
8",https://twitter.com/gaemi86102518/status/1572366934972436480,2022-09-20,23:27:45,ㅅㅁㅈ,전주
dbjs,@SjhKva,"ㄷㅂㅈㅅ 최대한 빨리 가고싶습니다. ㅅㅁㅈ 있으신분 연락주세요. 제발 장난치지 말아주세요.
2",https://twitter.com/SjhKva/status/1572361092214689794,2022-09-20,23:04:32,ㅅㅁㅈ,0
헤롱롱,@fffff1258,"@Monolog83
 님에게 보내는 답글
ㅅㅁㅈ 있는데 드려여 ?",https://twitter.com/fffff1258/status/1577738695238901760,2022-10-05,19:13:12,ㅅㅁㅈ,0
대포유심/수면제,@danbi_del1oo,수면제 팝니다 연락주세요 #졸피뎀 #스틸녹스 #수면제 #ㅈㅍㄷ #ㅅㅌㄴㅅ #ㅅㅁㅈ,https://twitter.com/danbi_del1oo/status/1581080252675080192,2022-10-15,0:31:21,ㅅㅁㅈ,0
대포유심/수면제,@danbi_del1oo,"수면제, 전자담배 대리구매 해드립니다 연락주세요.                                                  #대리토토 #대리구매 #수면제 #전자담배 #졸피뎀 #스틸녹스 #ㅅㅁㅈ #ㅈㅍㄷ #ㅅㅌㄴㅅ
1",https://twitter.com/danbi_del1oo/status/1581077288761729025,2022-10-15,0:19:35,ㅅㅁㅈ,0
어우야,@yesgil12,"서울 ㄷㅂㅈㅅ 오늘 저녁에 ㅂㄱㅌ로 같이 가실분..ㅅㅁㅈ는 필수에요. 
3
1",https://twitter.com/yesgil12/status/1581785868049977344,2022-10-16,23:15:13,ㅅㅁㅈ,0
대포유심/수면제,@danbi_del1oo,수면제 팝니다 연락주세요 #졸피뎀 #스틸녹스 #수면제 #ㅈㅍㄷ #ㅅㅌㄴㅅ #ㅅㅁㅈ,https://twitter.com/danbi_del1oo/status/1582299091509575682,2022-10-18,9:14:35,ㅅㅁㅈ,0
대포유심/수면제,@danbi_del1oo,가루 수면제 팝니다. 연락주세요 졸피뎀 빠갠거라 효과 좋아요 #졸피뎀 #스틸녹스 #수면제 #ㅈㅍㄷ #ㅅㅌㄴㅅ #ㅅㅁㅈ,https://twitter.com/danbi_del1oo/status/1582680553937342464,2022-10-19,10:30:23,ㅅㅁㅈ,0
대포유심/수면제,@danbi_del1oo,가루 수면제 팝니당. 연락주세요 졸피뎀 간거라 효과 좋아요 #졸피뎀 #스틸녹스 #수면제 #ㅈㅍㄷ #ㅅㅌㄴㅅ #ㅅㅁㅈ,https://twitter.com/danbi_del1oo/status/1582673817780236288,2022-10-19,10:03:37,ㅅㅁㅈ,0
대포유심/수면제,@danbi_del1oo,가루 수면제 팝니다 연락주세요 졸피뎀 간거라 효과 좋아요 #졸피뎀 #스틸녹스 #수면제 #ㅈㅍㄷ #ㅅㅌㄴㅅ #ㅅㅁㅈ,https://twitter.com/danbi_del1oo/status/1582620659490095104,2022-10-19,6:32:23,ㅅㅁㅈ,0
대포유심/수면제,@danbi_del1oo,가루 수면제 팔아요.  연락주세요 졸피뎀 빠갠거라 효과 좋아요 #졸피뎀 #스틸녹스 #수면제 #ㅈㅍㄷ #ㅅㅌㄴㅅ #ㅅㅁㅈ,https://twitter.com/danbi_del1oo/status/1583060670291247104,2022-10-20,11:40:50,ㅅㅁㅈ,0
대포유심/수면제,@danbi_del1oo,가루 수면제 팔아요. 연락주세요 졸피뎀 빠갠거라 효과 좋아요 #졸피뎀 #스틸녹스 #수면제 #ㅈㅍㄷ #ㅅㅌㄴㅅ #ㅅㅁㅈ,https://twitter.com/danbi_del1oo/status/1582942633064034304,2022-10-20,3:51:48,ㅅㅁㅈ,0
대포유심/수면제,@danbi_del1oo,"가격표 입니다 #졸피뎀 #스틸녹스 #졸민 #수면제 #ㅈㅍㄷ #ㅅㅌㄴㅅ #ㅈㅁ #ㅅㅁㅈ #최음제 #Ghb #물뽕 #필로폰 #가격문의
다음 미디어는 민감한 콘텐츠를 포함할 수 있습니다. 설정 변경
보기
2",https://twitter.com/danbi_del1oo/status/1582947347822436352,2022-10-20,4:10:32,ㅅㅁㅈ,0
대포유심/수면제,@danbi_del1oo,가루 수면제 팔아요.  연락주세요 졸피뎀 빠갠거라 효과 좋아요 #졸피뎀 #스틸녹스 #수면제 #ㅈㅍㄷ #ㅅㅌㄴㅅ #ㅅㅁㅈ,https://twitter.com/danbi_del1oo/status/1583377947074777089,2022-10-21,8:41:34,ㅅㅁㅈ,0
대포유심/수면제,@danbi_del1oo,가루로된 수면제 팔아요. 연락주세요 졸피뎀 빠갠거라 효과 좋아요 #졸피뎀 #스틸녹스 #수면제 #ㅈㅍㄷ #ㅅㅌㄴㅅ #ㅅㅁㅈ,https://twitter.com/danbi_del1oo/status/1583759565241581568,2022-10-22,9:57:59,ㅅㅁㅈ,0
대포유심/수면제,@danbi_del1oo,졸피뎀 알약 구했습니다. 그동안 가루라서 연락 못주신분들 다 연락주세요. 텔레그램이 연락 빠르니 프로필 들어와서 디엠이나 텔레그램으로 연락 한번씩 부탁드립니다 #졸피뎀 #스틸녹스 #수면제 #ㅈㅍㄷ #ㅅㅌㄴㅅ #ㅅㅁㅈ,https://twitter.com/danbi_del1oo/status/1584036924993728512,2022-10-23,4:20:07,ㅅㅁㅈ,0
대포유심/수면제,@danbi_del1oo,가루 수면제 팔아요. 연락주세요 졸피뎀 빠갠거라 효과 좋아요 #졸피뎀 #스틸녹스 #수면제 #ㅈㅍㄷ #ㅅㅌㄴㅅ #ㅅㅁㅈ,https://twitter.com/danbi_del1oo/status/1584034217557913600,2022-10-23,4:09:22,ㅅㅁㅈ,0
대포유심/수면제,@danbi_del1oo,졸피뎀 알약 구했습니당. 그동안 가루라서 연락 못주신분들 다 연락주세요. 텔레그램이 연락 빠르니 프로필 들어와서 디엠이나 텔레그램으로 연락 한번씩 부탁드립니다 #졸피뎀 #스틸녹스 #수면제 #ㅈㅍㄷ #ㅅㅌㄴㅅ #ㅅㅁㅈ,https://twitter.com/danbi_del1oo/status/1584091714138288129,2022-10-23,7:57:50,ㅅㅁㅈ,0
대포유심/수면제,@danbi_del1oo,"졸피뎀, 스틸녹스 알약 구했습니다. 그동안 가루라서 연락 못주신분들 다 연락주세요. 텔레그램이 연락 빠르니 프로필 들어와서 디엠이나 텔레그램으로 연락 한번씩 부탁드립니다 #졸피뎀 #스틸녹스 #수면제 #ㅈㅍㄷ #ㅅㅌㄴㅅ #ㅅㅁㅈ",https://twitter.com/danbi_del1oo/status/1584143137907572738,2022-10-23,11:22:10,ㅅㅁㅈ,0
잭아,@jaeg_a,"인천 ㅅㅁㅈ 구해요 직거래 원함 댈구
#ㅅㅌㄴㅅ #ㅅㅁㅈ #ㅈㅍㄷ",https://twitter.com/jaeg_a/status/1584718162775662593,2022-10-25,1:27:07,ㅅㅁㅈ,인천
엣햄,@wtitso,"우리 지금 우리 집에서 저녁 ㅅㅁㅈ 시간 이 나 는 ㅅ  돼  나도 는 거 거든  그래서 지금 가고
뵤
@asbfzzang
·
2021년 5월 21일
얘들아!! 우리 뒤에 뜨는 자동완성 확인해바 마음이 따땃해짐
이 스레드 보기",https://twitter.com/wtitso/status/1584923560350748674,2022-10-25,15:03:17,ㅅㅁㅈ,0
잭아,@jaeg_a,인천 ㅅㅁㅈ ㅅㅌㄴㅅ ㅈㅍㄷ 댈구 원해요,https://twitter.com/jaeg_a/status/1584714134838726656,2022-10-25,1:11:06,ㅅㅁㅈ,인천
장양주,@41awWfLU35sJq2q,부산 ㅅㅁㅈ 직거래연락주세요,https://twitter.com/41awWfLU35sJq2q/status/1366588841235083270,2021-03-02,3:19:04,ㅅㅁㅈ,부산
??G???,@time_fll,ㅅㅁㅈ 복용 하고 싶어............,https://twitter.com/time_fll/status/1407579812986712067,2021-06-23,6:02:33,ㅅㅁㅈ,0
한상우,@7QNGYglLjoCYE40,"동반자 구해요. ㅅㅁㅈ , ㅂㄱㅌ 
20대 . 현재 위치 서울 입니다.
1",https://twitter.com/7QNGYglLjoCYE40/status/1414471030777675784,2021-07-12,6:25:47,ㅅㅁㅈ,서울
한상우,@7QNGYglLjoCYE40,"동반자 구합니다. 지역은 서울
ㅅㅁㅈ ㅂㄱㅌ ㅇㅌ 편하게 디엠 카톡 주세요
3
1",https://twitter.com/7QNGYglLjoCYE40/status/1414499752637386756,2021-07-12,8:19:55,ㅅㅁㅈ,서울
가격문의,@hwaxxin,"#ㅅㅁㅈ팝니다 #ㅅㅁㅈ #ㅅㅁㅈ구매 #ㅅㅁㅈ개인 #ㅅㅁㅈ삽니다 #ㅈㅍㄷ팝니다 #ㅅㅌㄴㄱ팝니다 #ㅅㅁㅈ구매정보 30분안에 효과보증 효과없을시 100프로 환불(기존에 몇개씩 드시는분들은 당연히 한개로 안되는거 아시죠?)
1",https://twitter.com/hwaxxin/status/1421057568147791872,2021-07-30,10:38:20,ㅅㅁㅈ,0
김운규,@dnsrb12345,"@bibibig20868331
 님에게 보내는 답글
ㅅㅁㅈ있으니  오늘바로가시죠",https://twitter.com/dnsrb12345/status/1467056957676986374,2021-12-04,9:03:29,ㅅㅁㅈ,0
하루하루,@xR0PN0NFL4pWKwR,"@dlrpanjdi79
 님에게 보내는 답글
ㅅㅁㅈ ㅇㅌ 이런것 구하지말고 자연산복어를 구했음 ㅠ",https://twitter.com/xR0PN0NFL4pWKwR/status/1467693699421581312,2021-12-06,3:13:41,ㅅㅁㅈ,0
Aring,@woosung900522,"@GimUngyu
 님에게 보내는 답글
ㅅㅁㅈ 살돈은 있는데 어떻게 안될까요..?",https://twitter.com/woosung900522/status/1468281978672001024,2021-12-07,18:11:17,ㅅㅁㅈ,0
djwldifh,@djwldifh,"ㄷㅂㅈㅅ
ㅅㅌㄴㅅ(ㅅㅁㅈ) ㅍㄴㄷ",https://twitter.com/djwldifh/status/1542745016606437381,2022-07-01,5:40:49,ㅅㅌㄴㅅ,0
린참참,@linchamcham,"ㅅㅌㄴㅅ ㅈㅍㄷ 사요..
가격이랑 쪽지로요
2",https://twitter.com/linchamcham/status/1547768158496309249,2022-07-15,2:20:59,ㅅㅌㄴㅅ,0
kim june,@kimjune00301855,"#ㅈㅍㄷ #ㅅㅌㄴㅅ 쪽지
1",https://twitter.com/kimjune00301855/status/1562019676351213568,2022-08-23,10:11:26,ㅅㅌㄴㅅ,0
대포유심/수면제,@danbi_del1oo,"수면제, 전자담배 대리구매 해드립니다 연락주세요.                                                  #대리토토 #대리구매 #수면제 #전자담배 #졸피뎀 #스틸녹스 #ㅅㅁㅈ #ㅈㅍㄷ #ㅅㅌㄴㅅ
1",https://twitter.com/danbi_del1oo/status/1581077288761729025,2022-10-15,0:19:35,ㅅㅌㄴㅅ,0
대포유심/수면제,@danbi_del1oo,수면제 팝니다 연락주세요 #졸피뎀 #스틸녹스 #수면제 #ㅈㅍㄷ #ㅅㅌㄴㅅ #taw #대전,https://twitter.com/danbi_del1oo/status/1581080252675080192,2022-10-15,0:31:21,ㅅㅌㄴㅅ,대전
대포유심/수면제,@danbi_del1oo,수면제 팝니다 연락주세요 #졸피뎀 #스틸녹스 #수면제 #ㅈㅍㄷ #ㅅㅌㄴㅅ #taw #대전,https://twitter.com/danbi_del1oo/status/1582299091509575682,2022-10-18,9:14:35,ㅅㅌㄴㅅ,대전
대포유심/수면제,@danbi_del1oo,가루 수면제 팝니다. 연락주세요 졸피뎀 빠갠거라 효과 좋아요 #졸피뎀 #스틸녹스 #수면제 #ㅈㅍㄷ #ㅅㅌㄴㅅ #taw #대전,https://twitter.com/danbi_del1oo/status/1582680553937342464,2022-10-19,10:30:23,ㅅㅌㄴㅅ,대전
대포유심/수면제,@danbi_del1oo,가루 수면제 팔아요.  연락주세요 졸피뎀 빠갠거라 효과 좋아요 #졸피뎀 #스틸녹스 #수면제 #ㅈㅍㄷ #ㅅㅌㄴㅅ #taw #대전,https://twitter.com/danbi_del1oo/status/1583060670291247104,2022-10-20,11:40:50,ㅅㅌㄴㅅ,대전
대포유심/수면제,@danbi_del1oo,가루 수면제 팔아요.  연락주세요 졸피뎀 빠갠거라 효과 좋아요 #졸피뎀 #스틸녹스 #수면제 #ㅈㅍㄷ #ㅅㅌㄴㅅ #taw #대전,https://twitter.com/danbi_del1oo/status/1583377947074777089,2022-10-21,8:41:34,ㅅㅌㄴㅅ,대전
ㅇㅅㅇ,@suho1004m,"ㅅㅌㄴㅅ. 팜  인천직거래만
1",https://twitter.com/suho1004m/status/1583665310598852609,2022-10-22,3:43:27,ㅅㅌㄴㅅ,인천
김윤호,@gimyunh96895512,"ㅅㅌㄴㅅ 직거래나 서울원 퀵 구매하요 졸피람 스틸녹스
2",https://twitter.com/gimyunh96895512/status/1583691737729748993,2022-10-22,5:28:28,ㅅㅌㄴㅅ,서울
대포유심/수면제,@danbi_del1oo,가루로된 수면제 팔아요. 연락주세요 졸피뎀 빠갠거라 효과 좋아요 #졸피뎀 #스틸녹스 #수면제 #ㅈㅍㄷ #ㅅㅌㄴㅅ #taw #대전,https://twitter.com/danbi_del1oo/status/1583759565241581568,2022-10-22,9:57:59,ㅅㅌㄴㅅ,대전
대포유심/수면제,@danbi_del1oo,졸피뎀 알약 구했습니다. 그동안 가루라서 연락 못주신분들 다 연락주세요. 텔레그램이 연락 빠르니 프로필 들어와서 디엠이나 텔레그램으로 연락 한번씩 부탁드립니다 #졸피뎀 #스틸녹스 #수면제 #ㅈㅍㄷ #ㅅㅌㄴㅅ #taw #대전,https://twitter.com/danbi_del1oo/status/1584036924993728512,2022-10-23,4:20:07,ㅅㅌㄴㅅ,대전
대포유심/수면제,@danbi_del1oo,가루 수면제 팔아요. 연락주세요 졸피뎀 빠갠거라 효과 좋아요 #졸피뎀 #스틸녹스 #수면제 #ㅈㅍㄷ #ㅅㅌㄴㅅ #taw #대전,https://twitter.com/danbi_del1oo/status/1584034217557913600,2022-10-23,4:09:22,ㅅㅌㄴㅅ,대전
잭아,@jaeg_a,"인천 ㅅㅁㅈ 구해요 직거래 원함 댈구
#ㅅㅌㄴㅅ #ㅅㅁㅈ #ㅈㅍㄷ
1",https://twitter.com/jaeg_a/status/1584718162775662593,2022-10-25,1:27:07,ㅅㅌㄴㅅ,인천
김민철,@gimminc61305466,"졸피뎀 구매원해요 존나 자고싶다,, 디엠으로 가격보내주세요 직거래 가능 (선호) #졸피뎀 #ㅈㅍㄷ #수면제 #수원
1",https://twitter.com/gimminc61305466/status/1498424813873876994,2022-02-28,22:28:09,ㅈㅍㄷ,수원
요시에,@lost_my_mind12,"너무 소름 돋아서 그 이후로 ㅈㅍㄷ은 안 먹는다.. 근데 내가 복용을 잘 못 한게.. 먹고 8시간 정도 숙면 취할수 있는 경우만 먹었어야하는데.. 새벽에 늦게 먹어서였던거 같다..유도제는 또 너무 일찍 먹으면 3~4시간 지나면 깨는 경우가 많았고.. 지금은? 잠 못자면 못 잔 상태로 그냥 산다..
1",https://twitter.com/lost_my_mind12/status/1507040289331982336,2022-03-24,17:02:59,ㅈㅍㄷ,0
요시에,@lost_my_mind12,"ㅈㅍㄷ성분 처방 받은 적도 있는데..정말 부작용이 너무 무서웠다.. 토요일 오전에 꼭 나가봐야하는 일이 있었는데 눈 뜨니까 오후야..근데 외출복으로 다 갈아입고 머리, 화장까지 한 상태더라고..외출 준비를 다 했던건데 나는 기억이 1도 없어..전화해서 못 나간다고 말까지했었다고..
1",https://twitter.com/lost_my_mind12/status/1507040287708700696,2022-03-24,17:02:58,ㅈㅍㄷ,0
근친 하고 싶다,@GeunchinS,무슨 수면제 임? ㅈㅍㄷ?,https://twitter.com/GeunchinS/status/1512658555316289539,2022-04-09,5:07:58,ㅈㅍㄷ,0
삼생중덕생_ ?( ? )?,@cha_rinee,"또 생각이 많아져서 약 한 알 먹음. 
ㅈㅍㄷ이 최곤데 그건 환각을 한번 본 후 못 먹겠더란. 
요즘 왤케 생각이 많은지…
1
4",https://twitter.com/cha_rinee/status/1516818681229049859,2022-04-20,16:38:49,ㅈㅍㄷ,0
구름관찰자,@jokermanura,"약물자해를 할 때마다, 죽지 않을 걸 알면서도 약을 먹었다. ㅈㅍㄷ 기준으로 1000알 이상을 한꺼번에 복용해야 치사량이라는 것. 웬만큼 약을 먹어서는 죽지도 않는다는 걸 어디서 들어서 알고 있었다(아마도 트위터에서 본 거였겠지). 그리고 애초에 죽고 싶은 마음도 없었다.
2
22
104",https://twitter.com/jokermanura/status/1526218790446731264,2022-05-16,15:11:30,ㅈㅍㄷ,0
由乃?,@younaijiang3,"@meong514
 님에게 보내는 답글
ㅈㅍㄷ. 사요",https://twitter.com/younaijiang3/status/1532740047165743104,2022-06-03,15:04:38,ㅈㅍㄷ,0
???????????????????????? 진럽은(slow),@mylights_jin,"나는
ㅈㅍㄷ 또는 술의 힘으로 잠들어야 할것 같은데 그마저도 쉽진 않을것같다
그래도 
석지니는 편히 자길 
#WeLoveYouJin #방탄소년단진
GIF
2",https://twitter.com/mylights_jin/status/1536779649568874497,2022-06-14,18:36:35,ㅈㅍㄷ,0
???????????????????????? 진럽은(slow),@mylights_jin,"ㅈㅍㄷ 먹고도 못자서 맛탱이갔다
자자...눈이라도 감아보자
혹시 모르니까",https://twitter.com/mylights_jin/status/1536838043155722241,2022-06-14,22:28:37,ㅈㅍㄷ,0
린참참,@linchamcham,"ㅅㅌㄴㅅ ㅈㅍㄷ 사요..
가격이랑 쪽지로요
2",https://twitter.com/linchamcham/status/1547768158496309249,2022-07-15,2:20:59,ㅈㅍㄷ,0
sang,@byebyebye36,"ㄷㅂㅈㅅ 함께 하실분 계신가요
30초 남자이고 수원거주 중입니다 
ㅈㅍㄷ 이랑 차비정도 있어요 
3일뒤 계획중이며 정말 하실분만 
DM주세요
4",https://twitter.com/byebyebye36/status/1557776401889013760,2022-08-11,17:10:10,ㅈㅍㄷ,수원
우메,@aira_1127luvv,"ㅈㅍㄷ 14알 먹어버렸서. 하지암 괜찮아 아무렇지도 않아 (,,???,,) ˚??♡??˚
13",https://twitter.com/aira_1127luvv/status/1559460294467891202,2022-08-16,8:41:22,ㅈㅍㄷ,0
kim june,@kimjune00301855,"#ㅈㅍㄷ #ㅅㅌㄴㅅ 쪽지
1",https://twitter.com/kimjune00301855/status/1562019676351213568,2022-08-23,10:11:26,ㅈㅍㄷ,0
kim june,@kimjune00301855,ㅈㅍㄷ jji190 텔레,https://twitter.com/kimjune00301855/status/1563192112342249472,2022-08-26,15:50:16,ㅈㅍㄷ,0
싸발,@ssabal_00,"ㅈㅍㄷ 정품 어디서 구해
2",https://twitter.com/ssabal_00/status/1563984096954826752,2022-08-28,20:17:20,ㅈㅍㄷ,0
kim june,@kimjune00301855,ㅈㅍㄷ. jji190,https://twitter.com/kimjune00301855/status/1564322586141802497,2022-08-29,18:42:22,ㅈㅍㄷ,0
kim june,@kimjune00301855,ㅈㅍㄷ 텔레 jji190,https://twitter.com/kimjune00301855/status/1566439311213744128,2022-09-04,14:53:29,ㅈㅍㄷ,0
대포유심/수면제,@danbi_del1oo,수면제 팝니다 연락주세요 #졸피뎀 #스틸녹스 #수면제 #ㅈㅍㄷ #ㅅㅌㄴㅅ #taw #대전,https://twitter.com/danbi_del1oo/status/1581080252675080192,2022-10-15,0:31:21,ㅈㅍㄷ,대전
대포유심/수면제,@danbi_del1oo,"수면제, 전자담배 대리구매 해드립니다 연락주세요.                                                  #대리토토 #대리구매 #수면제 #전자담배 #졸피뎀 #스틸녹스 #ㅅㅁㅈ #ㅈㅍㄷ #ㅅㅌㄴㅅ
1",https://twitter.com/danbi_del1oo/status/1581077288761729025,2022-10-15,0:19:35,ㅈㅍㄷ,0
대포유심/수면제,@danbi_del1oo,수면제 팝니다 연락주세요 #졸피뎀 #스틸녹스 #수면제 #ㅈㅍㄷ #ㅅㅌㄴㅅ #taw #대전,https://twitter.com/danbi_del1oo/status/1582299091509575682,2022-10-18,9:14:35,ㅈㅍㄷ,대전
대포유심/수면제,@danbi_del1oo,가루 수면제 팝니당. 연락주세요 졸피뎀 간거라 효과 좋아요 #졸피뎀 #스틸녹스 #수면제 #ㅈㅍㄷ #ㅅㅌㄴㅅ #taw #대전,https://twitter.com/danbi_del1oo/status/1582673817780236288,2022-10-19,10:03:37,ㅈㅍㄷ,대전
대포유심/수면제,@danbi_del1oo,가루 수면제 팝니다. 연락주세요 졸피뎀 빠갠거라 효과 좋아요 #졸피뎀 #스틸녹스 #수면제 #ㅈㅍㄷ #ㅅㅌㄴㅅ #taw #대전,https://twitter.com/danbi_del1oo/status/1582680553937342464,2022-10-19,10:30:23,ㅈㅍㄷ,대전
대포유심/수면제,@danbi_del1oo,가루 수면제 팝니다 연락주세요 졸피뎀 간거라 효과 좋아요 #졸피뎀 #스틸녹스 #수면제 #ㅈㅍㄷ #ㅅㅌㄴㅅ #taw #대전,https://twitter.com/danbi_del1oo/status/1582620659490095104,2022-10-19,6:32:23,ㅈㅍㄷ,대전
대포유심/수면제,@danbi_del1oo,가루 수면제 팔아요.  연락주세요 졸피뎀 빠갠거라 효과 좋아요 #졸피뎀 #스틸녹스 #수면제 #ㅈㅍㄷ #ㅅㅌㄴㅅ #taw #대전,https://twitter.com/danbi_del1oo/status/1583060670291247104,2022-10-20,11:40:50,ㅈㅍㄷ,대전
대포유심/수면제,@danbi_del1oo,가루 수면제 팔아요. 연락주세요 졸피뎀 빠갠거라 효과 좋아요 #졸피뎀 #스틸녹스 #수면제 #ㅈㅍㄷ #ㅅㅌㄴㅅ #taw #대전,https://twitter.com/danbi_del1oo/status/1582942633064034304,2022-10-20,3:51:48,ㅈㅍㄷ,대전
대포유심/수면제,@danbi_del1oo,"가격표 입니다 #졸피뎀 #스틸녹스 #졸민 #수면제 #ㅈㅍㄷ #ㅅㅌㄴㅅ #ㅈㅁ #ㅅㅁㅈ #최음제 #Ghb #물뽕 #필로폰 #가격문의 #대전
다음 미디어는 민감한 콘텐츠를 포함할 수 있습니다. 설정 변경
보기
2",https://twitter.com/danbi_del1oo/status/1582947347822436352,2022-10-20,4:10:32,ㅈㅍㄷ,대전
kim june,@kimjune00301855,ㅈㅍㄷ팝니다 텔레 jji190,https://twitter.com/kimjune00301855/status/1583269524698460160,2022-10-21,1:30:45,ㅈㅍㄷ,0
대포유심/수면제,@danbi_del1oo,가루 수면제 팔아요.  연락주세요 졸피뎀 빠갠거라 효과 좋아요 #졸피뎀 #스틸녹스 #수면제 #ㅈㅍㄷ #ㅅㅌㄴㅅ #taw #대전,https://twitter.com/danbi_del1oo/status/1583377947074777089,2022-10-21,8:41:34,ㅈㅍㄷ,대전
대포유심/수면제,@danbi_del1oo,가루로된 수면제 팔아요. 연락주세요 졸피뎀 빠갠거라 효과 좋아요 #졸피뎀 #스틸녹스 #수면제 #ㅈㅍㄷ #ㅅㅌㄴㅅ #taw #대전,https://twitter.com/danbi_del1oo/status/1583759565241581568,2022-10-22,9:57:59,ㅈㅍㄷ,대전
대포유심/수면제,@danbi_del1oo,졸피뎀 알약 구했습니다. 그동안 가루라서 연락 못주신분들 다 연락주세요. 텔레그램이 연락 빠르니 프로필 들어와서 디엠이나 텔레그램으로 연락 한번씩 부탁드립니다 #졸피뎀 #스틸녹스 #수면제 #ㅈㅍㄷ #ㅅㅌㄴㅅ #taw #대전,https://twitter.com/danbi_del1oo/status/1584036924993728512,2022-10-23,4:20:07,ㅈㅍㄷ,대전
대포유심/수면제,@danbi_del1oo,가루 수면제 팔아요. 연락주세요 졸피뎀 빠갠거라 효과 좋아요 #졸피뎀 #스틸녹스 #수면제 #ㅈㅍㄷ #ㅅㅌㄴㅅ #taw #대전,https://twitter.com/danbi_del1oo/status/1584034217557913600,2022-10-23,4:09:22,ㅈㅍㄷ,대전
대포유심/수면제,@danbi_del1oo,"졸피뎀, 스틸녹스 알약 구했습니다. 그동안 가루라서 연락 못주신분들 다 연락주세요. 텔레그램이 연락 빠르니 프로필 들어와서 디엠이나 텔레그램으로 연락 한번씩 부탁드립니다 #졸피뎀 #스틸녹스 #수면제 #ㅈㅍㄷ #ㅅㅌㄴㅅ #taw #대전",https://twitter.com/danbi_del1oo/status/1584143137907572738,2022-10-23,11:22:10,ㅈㅍㄷ,대전
대포유심/수면제,@danbi_del1oo,졸피뎀 알약 구했습니당. 그동안 가루라서 연락 못주신분들 다 연락주세요. 텔레그램이 연락 빠르니 프로필 들어와서 디엠이나 텔레그램으로 연락 한번씩 부탁드립니다 #졸피뎀 #스틸녹스 #수면제 #ㅈㅍㄷ #ㅅㅌㄴㅅ #taw #대전,https://twitter.com/danbi_del1oo/status/1584091714138288129,2022-10-23,7:57:50,ㅈㅍㄷ,대전
ㅇㅇ,@cho64929233,"졸피뎀 자살약 삽니다 디엠주세요
#ㅈㅍㄷ 
센 걸로 주세요 죽을 수 있는 걸로
1",https://twitter.com/cho64929233/status/1584953423132495872,2022-10-25,17:01:57,ㅈㅍㄷ,0
잭아,@jaeg_a,"인천 ㅅㅁㅈ 구해요 직거래 원함 댈구
#ㅅㅌㄴㅅ #ㅅㅁㅈ #ㅈㅍㄷ",https://twitter.com/jaeg_a/status/1584718162775662593,2022-10-25,1:27:07,ㅈㅍㄷ,인천
잭아,@jaeg_a,인천 ㅅㅁㅈ ㅅㅌㄴㅅ ㅈㅍㄷ 댈구 원해요,https://twitter.com/jaeg_a/status/1584714134838726656,2022-10-25,1:11:06,ㅈㅍㄷ,인천
이믄꽃,@PtJOKmlNNP2ONsD,ㅈㅍㄷ 수면제 팔 분 없나요  울산,https://twitter.com/PtJOKmlNNP2ONsD/status/1410980340349345795,2021-07-02,15:15:02,ㅈㅍㄷ,울산
가격문의,@hwaxxin,힘들고 지쳐 잠이라도 푹 자고 싶으신가요? 효과없는 ㅅㅁㅈ ㅅㅁㅇㄷㅈ 드시지말고 효과직빵 30분안에 바로 반응오는 ㅅㅁㅈ드셔보세요 효과 보증합니다 효과없을시 100프로 환불보장 #ㅈㅍㄷ #ㅅㅌㄹㅅ #ㅅㅍㄴㅅ,https://twitter.com/hwaxxin/status/1421055212840648709,2021-07-30,10:28:59,ㅈㅍㄷ,0
그냥지침,@nognoghada,ㅊㅅㄱㄹ도 나쁘지 않을듯,https://twitter.com/nognoghada/status/1525346993597726720,2022-05-14,5:27:17,ㅊㅅㄱㄹ,0
떠날준비완료,@gwonwonjun2,"ㄷㅂㅈㅅ 오늘 ㅊㅅㄱㄹ하신다는분
떠났을까봐 너무 불안해
나도 곧 갈껀데 왜 이리 신경쓰이지..
진짜 사람 마음이 간사하다
가셨더라도 조금이라도 편히 가셨음 좋겠어
1",https://twitter.com/gwonwonjun2/status/1577321819165818881,2022-10-04,15:36:41,ㅊㅅㄱㄹ,0
momo x,@momox46785113,"대전 ㅊㅅㄱㄹ 혹은 같이 ㄷㅅ하실분 구해요
1",https://twitter.com/momox46785113/status/1434162550673866756,2021-09-04,14:32:52,ㅊㅅㄱㄹ,대전
Qja0709,@Qja07091,ㅊㅅㄱㄹ5g 45 ㅇㅌㄴ 에열라비싸게파네,https://twitter.com/Qja07091/status/1467747249677803523,2021-12-06,6:46:28,ㅊㅅㄱㄹ,0
